Constellations ,Name,HIP,RA,Dec,vis_mag,abs_mag
Andromeda,α And,677, 00h 08m 23.17s,+29° 05′ 27.0″,2.07,−0.30
Andromeda,β And,5447, 01h 09m 43.80s,+35° 37′ 15.0″,2.07,−1.86
Andromeda,γ1 And,9640, 02h 03m 53.92s,+42° 19′ 47.5″,2.1,−3.08
Andromeda,δ And,3092, 00h 39m 19.60s,+30° 51′ 40.4″,3.27,0.81
Andromeda,51 And,7607, 01h 37m 59.50s,+48° 37′ 42.6″,3.59,−0.04
Andromeda,ο And,113726, 23h 01m 55.25s,+42° 19′ 33.5″,3.62,−3.01
Andromeda,λ And,116584, 23h 37m 33.71s,+46° 27′ 33.0″,3.81,1.75
Andromeda,μ And,4436, 00h 56m 45.10s,+38° 29′ 57.3″,3.86,0.75
Andromeda,ζ And,3693, 00h 47m 20.39s,+24° 16′ 02.6″,4.08,0.35
Andromeda,υ And,7513, 01h 36m 47.98s,+41° 24′ 23.0″,4.1,3.45
Andromeda,κ And,116805, 23h 40m 24.44s,+44° 20′ 02.3″,4.15,0.57
Andromeda,φ And,5434, 01h 09m 30.12s,+47° 14′ 30.6″,4.26,−2.51
Andromeda,ι And,116631, 23h 38m 08.18s,+43° 16′ 05.1″,4.29,−1.65
Andromeda,π And,2912, 00h 36m 52.84s,+33° 43′ 09.7″,4.34,−2.18
Andromeda,ε And,3031, 00h 38m 33.50s,+29° 18′ 44.5″,4.34,0.77
Andromeda,η And,4463, 00h 57m 12.43s,+23° 25′ 03.9″,4.4,0.04
Andromeda,σ And,1473, 00h 18m 19.71s,+36° 47′ 07.2″,4.51,1.33
Andromeda,ν And,3881, 00h 49m 48.83s,+41° 04′ 44.2″,4.53,−2.06
Andromeda,7 And,114570, 23h 12m 32.92s,+49° 24′ 21.5″,4.53,2.58
Andromeda,θ And,1366, 00h 17m 05.54s,+38° 40′ 54.0″,4.61,0.16
Andromeda,3 And,113919, 23h 04m 10.83s,+50° 03′ 06.1″,4.64,0.94
Andromeda,65 And,11313, 02h 25m 37.40s,+50° 16′ 43.2″,4.73,−0.39
Andromeda,58 And,9977, 02h 08m 29.15s,+37° 51′ 33.1″,4.78,0.86
Andromeda,8 And,115022, 23h 17m 44.62s,+49° 00′ 55.0″,4.82,−1.69
Andromeda,ω And,6813, 01h 27m 39.09s,+45° 24′ 25.0″,4.83,2.57
Andromeda,γ2 And,, 02h 03m 54.70s,+42° 19′ 51.0″,4.84,
Andromeda,60 And,10340, 02h 13m 13.34s,+44° 13′ 54.1″,4.84,−1.32
Andromeda,ξ And,6411, 01h 22m 20.39s,+45° 31′ 43.5″,4.87,0.98
Andromeda,τ And,7818, 01h 40m 34.80s,+40° 34′ 37.6″,4.96,−1.64
Andromeda,41 H. And,7918, 01h 41m 46.52s,+42° 36′ 49.7″,4.96,4.45
Andromeda,ψ And,117221, 23h 46m 02.04s,+46° 25′ 13.0″,4.97,−3.05
Andromeda,22 And,841, 00h 10m 19.24s,+46° 04′ 20.2″,5.01,−2.44
Andromeda,χ And,7719, 01h 39m 21.02s,+44° 23′ 10.1″,5.01,0.66
Andromeda,41 And,5317, 01h 08m 00.72s,+43° 56′ 32.1″,5.04,1.14
Andromeda,2 And,113788, 23h 02m 36.34s,+42° 45′ 28.1″,5.09,−0.06
Andromeda,V428 And,2900, 00h 36m 46.47s,+44° 29′ 18.6″,5.14,−1.38
Andromeda,ρ And,1686, 00h 21m 07.23s,+37° 58′ 07.3″,5.16,1.71
Andromeda,HD 2421,2225, 00h 28m 13.59s,+44° 23′ 40.2″,5.18,0.63
Andromeda,64 And,11220, 02h 24m 24.89s,+50° 00′ 23.9″,5.19,−0.11
Andromeda,GN And,2355, 00h 30m 07.34s,+29° 45′ 06.1″,5.2,1.43
Andromeda,14 And,116076, 23h 31m 17.20s,+39° 14′ 11.0″,5.22,0.8
Andromeda,49 And,6999, 01h 30m 06.10s,+47° 00′ 26.6″,5.27,0.53
Andromeda,32 And,3231, 00h 41m 07.20s,+39° 27′ 31.2″,5.3,0.18
Andromeda,4 And,114200, 23h 07m 39.28s,+46° 23′ 14.3″,5.3,0.2
Andromeda,6 Per,10366, 02h 13m 36.02s,+51° 03′ 58.4″,5.31,1.38
Andromeda,62 And,10819, 02h 19m 16.85s,+47° 22′ 48.0″,5.31,0.84
Andromeda,18 And,116709, 23h 39m 08.35s,+50° 28′ 18.3″,5.35,−0.04
Andromeda,55 And,8814, 01h 53m 17.35s,+40° 43′ 47.3″,5.42,−0.67
Andromeda,11 And,115152, 23h 19m 29.79s,+48° 37′ 30.7″,5.44,0.43
Andromeda,,2942, 00h 37m 21.23s,+35° 23′ 58.2″,5.45,−2.03
Andromeda,36 And,4288, 00h 54m 58.02s,+23° 37′ 42.4″,5.46,2.51
Andromeda,V340 And,116354, 23h 34m 37.55s,+40° 14′ 11.6″,5.55,1.28
Andromeda,PZ And,10944, 02h 20m 58.17s,+50° 09′ 05.5″,5.57,0.38
Andromeda,47 And,6514, 01h 23m 40.56s,+37° 42′ 54.0″,5.6,1.54
Andromeda,,7825, 01h 40m 39.56s,+43° 17′ 51.9″,5.63,1.05
Andromeda,44 And,5493, 01h 10m 18.85s,+42° 04′ 53.7″,5.67,2.06
Andromeda,5 And,114210, 23h 07m 45.25s,+49° 17′ 43.6″,5.68,3.02
Andromeda,HD 5788,4675, 01h 00m 03.55s,+44° 42′ 47.9″,5.69,0.14
Andromeda,56 And,9021, 01h 56m 09.23s,+37° 15′ 06.5″,5.69,0.73
Andromeda,23 And,1086, 00h 13m 30.94s,+41° 02′ 08.6″,5.71,2.99
Andromeda,HD 16028,12072, 02h 35m 38.74s,+37° 18′ 44.2″,5.72,−0.86
Andromeda,V388 And,115755, 23h 27m 07.33s,+42° 54′ 43.1″,5.75,0.97
Andromeda,12 And,115280, 23h 20m 53.17s,+38° 10′ 56.9″,5.77,2.63
Andromeda,,1657, 00h 20m 45.54s,+32° 54′ 40.4″,5.79,−0.69
Andromeda,45 And,5550, 01h 11m 10.29s,+37° 43′ 26.9″,5.8,−1.44
Andromeda,HD 14622,11090, 02h 22m 50.36s,+41° 23′ 47.5″,5.81,2.44
Andromeda,10 And,115191, 23h 19m 52.38s,+42° 04′ 40.9″,5.81,−0.30
Andromeda,HD 222109,116582, 23h 37m 32.03s,+44° 25′ 44.5″,5.81,−1.20
Andromeda,HD 224635,118281, 23h 59m 29.33s,+33° 43′ 26.9″,5.81,3.5
Andromeda,OU And,117503, 23h 49m 40.96s,+36° 25′ 31.4″,5.86,0.21
Andromeda,,1493, 00h 18m 38.22s,+31° 31′ 02.0″,5.88,−0.23
Andromeda,HD 2767,2475, 00h 31m 25.61s,+33° 34′ 54.1″,5.88,0.1
Andromeda,HD 1606,1630, 00h 20m 24.39s,+30° 56′ 08.2″,5.89,−0.37
Andromeda,,9001, 01h 55m 54.47s,+37° 16′ 40.1″,5.89,−1.52
Andromeda,KK And,7321, 01h 34m 16.60s,+37° 14′ 13.9″,5.9,0.5
Andromeda,,12181, 02h 36m 57.08s,+38° 44′ 02.3″,5.91,2.24
Andromeda,6 And,114430, 23h 10m 27.36s,+43° 32′ 41.1″,5.91,3.65
Andromeda,,8423, 01h 48m 38.84s,+37° 57′ 10.6″,5.94,1.06
Andromeda,39 And,4903, 01h 02m 54.28s,+41° 20′ 42.7″,5.95,0.84
Andromeda,,6711, 01h 26m 18.60s,+43° 27′ 28.4″,5.98,2.9
Andromeda,AN And,115065, 23h 18m 23.33s,+41° 46′ 25.3″,5.98,0.17
Andromeda,HD 5608,4552, 00h 58m 14.19s,+33° 57′ 03.8″,5.99,2.17
Andromeda,,117956, 23h 55m 33.48s,+47° 21′ 21.0″,6.01,−2.46
Andromeda,,118071, 23h 57m 03.63s,+42° 39′ 29.7″,6.01,−2.22
Andromeda,,3604, 00h 46m 10.80s,+44° 51′ 41.4″,6.03,0.32
Andromeda,,10403, 02h 14m 02.53s,+47° 29′ 03.8″,6.05,2.96
Andromeda,HD 3883,3269, 00h 41m 35.98s,+24° 37′ 44.6″,6.06,0.3
Andromeda,V439 And,544, 00h 06m 36.53s,+29° 01′ 19.0″,6.07,5.39
Andromeda,,4185, 00h 53m 28.22s,+37° 25′ 05.9″,6.07,0.77
Andromeda,,116030, 23h 30m 39.54s,+38° 39′ 44.0″,6.07,−0.33
Andromeda,HD 223229,117340, 23h 47m 33.05s,+46° 49′ 57.3″,6.08,−1.96
Andromeda,,394, 00h 04m 53.21s,+34° 39′ 34.4″,6.09,3.26
Andromeda,59 And A,10176, 02h 10m 52.83s,+39° 02′ 22.5″,6.09,1.56
Andromeda,26 And,1501, 00h 18m 42.15s,+43° 47′ 28.1″,6.1,−0.53
Andromeda,,4501, 00h 57m 39.64s,+45° 50′ 21.8″,6.1,0.45
Andromeda,HD 225218,365, 00h 04m 36.60s,+42° 05′ 33.2″,6.11,−2.45
Andromeda,,5993, 01h 17m 05.05s,+44° 54′ 07.5″,6.11,−0.18
Andromeda,HD 1185,1302, 00h 16m 21.50s,+43° 35′ 42.4″,6.12,1.28
Andromeda,,114162, 23h 07m 10.05s,+52° 48′ 59.6″,6.12,0.55
Andromeda,GO And,3919, 00h 50m 18.21s,+45° 00′ 08.1″,6.13,1.34
Andromeda,,5650, 01h 12m 34.06s,+45° 20′ 14.9″,6.13,−0.52
Andromeda,66 And,11465, 02h 27m 51.75s,+50° 34′ 12.7″,6.16,2.54
Andromeda,,10924, 02h 20m 41.50s,+47° 18′ 39.0″,6.17,−0.87
Andromeda,,967, 00h 11m 59.03s,+48° 09′ 08.5″,6.18,0.05
Andromeda,,2926, 00h 37m 07.20s,+24° 00′ 51.3″,6.18,1.13
Andromeda,HD 221776,116365, 23h 34m 46.73s,+38° 01′ 26.3″,6.18,−0.41
Andromeda,,12287, 02h 38m 17.86s,+37° 43′ 36.6″,6.19,1.6
Andromeda,HD 221246,115996, 23h 30m 07.39s,+49° 07′ 59.3″,6.19,−0.91
Andromeda,OP And,7493, 01h 36m 27.21s,+48° 43′ 22.2″,6.2,0.65
Andromeda,,699, 00h 08m 41.02s,+36° 37′ 38.7″,6.21,3.61
Andromeda,,10814, 02h 19m 10.84s,+46° 28′ 20.2″,6.21,0.5
Andromeda,,1123, 00h 14m 02.29s,+33° 12′ 21.9″,6.22,1.45
Andromeda,HD 895,1076, 00h 13m 23.93s,+26° 59′ 15.4″,6.24,0.78
Andromeda,,116824, 23h 40m 40.47s,+36° 43′ 14.6″,6.24,3.01
Andromeda,,137, 00h 01m 43.85s,+42° 22′ 01.7″,6.25,−1.80
Andromeda,,8922, 01h 54m 53.75s,+40° 42′ 07.9″,6.25,1.13
Andromeda,HD 220105,115261, 23h 20m 44.11s,+44° 06′ 58.5″,6.25,1.73
Andromeda,,116292, 23h 33m 42.99s,+45° 03′ 29.1″,6.25,0.12
Andromeda,HD 2942,2583, 00h 32m 49.09s,+28° 16′ 48.8″,6.26,0.47
Andromeda,,6776, 01h 27m 06.21s,+34° 22′ 39.3″,6.27,3.12
Andromeda,,2270, 00h 28m 56.67s,+36° 53′ 58.9″,6.28,0.51
Andromeda,,6512, 01h 23m 37.31s,+34° 14′ 44.2″,6.28,2.43
Andromeda,,8930, 01h 54m 57.63s,+37° 07′ 42.0″,6.28,0.25
Andromeda,,6087, 01h 18m 10.14s,+47° 25′ 11.0″,6.29,−2.07
Andromeda,,12305, 02h 38m 27.94s,+38° 05′ 21.0″,6.29,−0.47
Andromeda,,115171, 23h 19m 41.37s,+48° 22′ 51.1″,6.29,0.47
Andromeda,,113501, 22h 59m 10.37s,+52° 39′ 16.0″,6.31,−0.26
Andromeda,,8127, 01h 44m 26.53s,+46° 08′ 23.2″,6.32,0.23
Andromeda,,114714, 23h 14m 14.34s,+50° 37′ 04.5″,6.32,0.82
Andromeda,,8044, 01h 43m 16.39s,+45° 19′ 21.5″,6.33,2.61
Andromeda,,8370, 01h 47m 48.00s,+46° 13′ 47.6″,6.33,2.5
Andromeda,,1208, 00h 15m 06.93s,+31° 32′ 08.7″,6.34,−1.70
Andromeda,HD 8673,6702, 01h 26m 08.62s,+34° 34′ 47.7″,6.34,3.43
Andromeda,,1215, 00h 15m 10.55s,+27° 17′ 00.5″,6.35,0.84
Andromeda,,1575, 00h 19m 41.58s,+40° 43′ 46.2″,6.35,0.25
Andromeda,,116505, 23h 36m 30.52s,+32° 54′ 15.1″,6.35,1.92
Andromeda,CG And,63, 00h 00m 43.62s,+45° 15′ 12.0″,6.36,−0.23
Andromeda,HD 16004,12057, 02h 35m 27.89s,+39° 39′ 52.1″,6.36,0.11
Andromeda,,10562, 02h 15m 57.69s,+47° 48′ 43.4″,6.37,0.61
Andromeda,LN And,113802, 23h 02m 45.15s,+44° 03′ 31.6″,6.37,−1.42
Andromeda,V385 And,115530, 23h 24m 08.88s,+41° 36′ 46.3″,6.37,−1.55
Andromeda,GY And,7651, 01h 38m 31.84s,+45° 23′ 58.9″,6.38,0.66
Andromeda,,9983, 02h 08m 33.55s,+44° 27′ 34.4″,6.38,0.78
Andromeda,,114152, 23h 07m 04.99s,+35° 38′ 11.3″,6.38,−0.08
Andromeda,,7444, 01h 35m 52.46s,+41° 04′ 35.1″,6.39,1.01
Andromeda,V529 And,6794, 01h 27m 26.67s,+41° 06′ 04.0″,6.42,2.69
Andromeda,,113750, 23h 02m 11.32s,+44° 34′ 22.4″,6.43,1.22
Andromeda,HD 222641,116941, 23h 42m 14.68s,+44° 59′ 30.3″,6.43,−0.48
Andromeda,HD 7853,6140, 01h 18m 47.02s,+37° 23′ 10.7″,6.44,0.71
Andromeda,,10830, 02h 19m 22.77s,+48° 57′ 19.0″,6.44,2.39
Andromeda,,114981, 23h 17m 16.59s,+45° 09′ 51.5″,6.44,2.1
Andromeda,HD 6114,4911, 01h 03m 01.47s,+47° 22′ 34.3″,6.46,1.39
Andromeda,,9163, 01h 57m 59.23s,+47° 05′ 43.9″,6.48,−1.24
Andromeda,ET And,115036, 23h 17m 55.99s,+45° 29′ 20.2″,6.48,0.36
Andromeda,HD 222399,116781, 23h 40m 02.82s,+37° 39′ 10.2″,6.49,1.74
Andromeda,PY And,2865, 00h 36m 20.00s,+27° 15′ 17″,6.5,-0.16
Andromeda,,1009, 00h 12m 34.08s,+44° 42′ 26.1″,6.5,0.5
Andromeda,59 And B,10180, 02h 10m 53.67s,+39° 02′ 36.0″,6.82,−1.76
Andromeda,HD 222155,116616, 23h 38m 00s,+48° 59′ 47″,7.1,3.65
Andromeda,HD 16175,12191, 02h 37m 01.91s,+42° 03′ 45.5″,7.28,3.4
Andromeda,R And,1901, 00h 24m 01.95s,+38° 34′ 37.3″,7.39,
Andromeda,HD 1605,1640, 00h 20m 32.0s,+30° 58′ 29″,7.52,2.88
Andromeda,HD 13931,10626, 02h 16m 47.38s,+43° 46′ 22.8″,7.52,4.3
Andromeda,HD 5583,, 00h 57m 57.0s,+34° 59′ 08″,7.6,0.88
Andromeda,RW And,, 00h 47m 18.92s,+32° 41′ 08.6″,7.9,
Andromeda,GRB 34,1475, 00h 18m 22.9s,+44° 01′ 22″,8.01,10.25
Andromeda,HD 15082,11397, 02h 26m 51.06s,+37° 33′ 01.7″,8.3,3
Andromeda,Z And,116287, 23h 33m 39.95s,+48° 49′ 05.9″,10.53,2.38
Andromeda,HAT-P-6,, 23h 39m 05.81s,+42° 27′ 57.5″,10.54,4.03
Andromeda,HAT-P-16,, 00h 38m 17.56s,+42° 27′ 47.2″,10.8,3.9
Andromeda,HAT-P-32,, 02h 01m 10s,+46° 41′ 16″,11.29,3.76
Andromeda,WASP-1,, 00h 20m 40.08s,+31° 59′ 23.8″,11.79,3.89
Andromeda,Kepler-63,, 01h 17m 07.6s,+49° 32′ 54″,12.02,5.52
Andromeda,Ross 248,, 23h 41m 54.99s,+44° 10′ 40.8″,12.29,14.79
Andromeda,HAT-P-19,, 00h 38m 04s,+34° 42′ 42″,12.9,6.24
Andromeda,HAT-P-28,, 00h 52m 00s,+34° 43′ 42″,13.03,5.05
Andromeda,HAT-P-53,, 01h 27m 29.0s,+38° 58′ 05″,13.73,4.45
Andromeda,S And,, 00h 42m 43.11s,+41° 16′ 04.2″,,
Aries,α And,677, 00h 08m 23.17s,+29° 05′ 27.0″,2.07,−0.30
Aries,β And,5447, 01h 09m 43.80s,+35° 37′ 15.0″,2.07,−1.86
Aries,γ1 And,9640, 02h 03m 53.92s,+42° 19′ 47.5″,2.1,−3.08
Aries,δ And,3092, 00h 39m 19.60s,+30° 51′ 40.4″,3.27,0.81
Aries,51 And,7607, 01h 37m 59.50s,+48° 37′ 42.6″,3.59,−0.04
Aries,ο And,113726, 23h 01m 55.25s,+42° 19′ 33.5″,3.62,−3.01
Aries,λ And,116584, 23h 37m 33.71s,+46° 27′ 33.0″,3.81,1.75
Aries,μ And,4436, 00h 56m 45.10s,+38° 29′ 57.3″,3.86,0.75
Aries,ζ And,3693, 00h 47m 20.39s,+24° 16′ 02.6″,4.08,0.35
Aries,υ And,7513, 01h 36m 47.98s,+41° 24′ 23.0″,4.1,3.45
Aries,κ And,116805, 23h 40m 24.44s,+44° 20′ 02.3″,4.15,0.57
Aries,φ And,5434, 01h 09m 30.12s,+47° 14′ 30.6″,4.26,−2.51
Aries,ι And,116631, 23h 38m 08.18s,+43° 16′ 05.1″,4.29,−1.65
Aries,π And,2912, 00h 36m 52.84s,+33° 43′ 09.7″,4.34,−2.18
Aries,ε And,3031, 00h 38m 33.50s,+29° 18′ 44.5″,4.34,0.77
Aries,η And,4463, 00h 57m 12.43s,+23° 25′ 03.9″,4.4,0.04
Aries,σ And,1473, 00h 18m 19.71s,+36° 47′ 07.2″,4.51,1.33
Aries,ν And,3881, 00h 49m 48.83s,+41° 04′ 44.2″,4.53,−2.06
Aries,7 And,114570, 23h 12m 32.92s,+49° 24′ 21.5″,4.53,2.58
Aries,θ And,1366, 00h 17m 05.54s,+38° 40′ 54.0″,4.61,0.16
Aries,3 And,113919, 23h 04m 10.83s,+50° 03′ 06.1″,4.64,0.94
Aries,65 And,11313, 02h 25m 37.40s,+50° 16′ 43.2″,4.73,−0.39
Aries,58 And,9977, 02h 08m 29.15s,+37° 51′ 33.1″,4.78,0.86
Aries,8 And,115022, 23h 17m 44.62s,+49° 00′ 55.0″,4.82,−1.69
Aries,ω And,6813, 01h 27m 39.09s,+45° 24′ 25.0″,4.83,2.57
Aries,γ2 And,, 02h 03m 54.70s,+42° 19′ 51.0″,4.84,
Aries,60 And,10340, 02h 13m 13.34s,+44° 13′ 54.1″,4.84,−1.32
Aries,ξ And,6411, 01h 22m 20.39s,+45° 31′ 43.5″,4.87,0.98
Aries,τ And,7818, 01h 40m 34.80s,+40° 34′ 37.6″,4.96,−1.64
Aries,41 H. And,7918, 01h 41m 46.52s,+42° 36′ 49.7″,4.96,4.45
Aries,ψ And,117221, 23h 46m 02.04s,+46° 25′ 13.0″,4.97,−3.05
Aries,22 And,841, 00h 10m 19.24s,+46° 04′ 20.2″,5.01,−2.44
Aries,χ And,7719, 01h 39m 21.02s,+44° 23′ 10.1″,5.01,0.66
Aries,41 And,5317, 01h 08m 00.72s,+43° 56′ 32.1″,5.04,1.14
Aries,2 And,113788, 23h 02m 36.34s,+42° 45′ 28.1″,5.09,−0.06
Aries,V428 And,2900, 00h 36m 46.47s,+44° 29′ 18.6″,5.14,−1.38
Aries,ρ And,1686, 00h 21m 07.23s,+37° 58′ 07.3″,5.16,1.71
Aries,HD 2421,2225, 00h 28m 13.59s,+44° 23′ 40.2″,5.18,0.63
Aries,64 And,11220, 02h 24m 24.89s,+50° 00′ 23.9″,5.19,−0.11
Aries,GN And,2355, 00h 30m 07.34s,+29° 45′ 06.1″,5.2,1.43
Aries,14 And,116076, 23h 31m 17.20s,+39° 14′ 11.0″,5.22,0.8
Aries,49 And,6999, 01h 30m 06.10s,+47° 00′ 26.6″,5.27,0.53
Aries,32 And,3231, 00h 41m 07.20s,+39° 27′ 31.2″,5.3,0.18
Aries,4 And,114200, 23h 07m 39.28s,+46° 23′ 14.3″,5.3,0.2
Aries,6 Per,10366, 02h 13m 36.02s,+51° 03′ 58.4″,5.31,1.38
Aries,62 And,10819, 02h 19m 16.85s,+47° 22′ 48.0″,5.31,0.84
Aries,18 And,116709, 23h 39m 08.35s,+50° 28′ 18.3″,5.35,−0.04
Aries,55 And,8814, 01h 53m 17.35s,+40° 43′ 47.3″,5.42,−0.67
Aries,11 And,115152, 23h 19m 29.79s,+48° 37′ 30.7″,5.44,0.43
Aries,,2942, 00h 37m 21.23s,+35° 23′ 58.2″,5.45,−2.03
Aries,36 And,4288, 00h 54m 58.02s,+23° 37′ 42.4″,5.46,2.51
Aries,V340 And,116354, 23h 34m 37.55s,+40° 14′ 11.6″,5.55,1.28
Aries,PZ And,10944, 02h 20m 58.17s,+50° 09′ 05.5″,5.57,0.38
Aries,47 And,6514, 01h 23m 40.56s,+37° 42′ 54.0″,5.6,1.54
Aries,,7825, 01h 40m 39.56s,+43° 17′ 51.9″,5.63,1.05
Aries,44 And,5493, 01h 10m 18.85s,+42° 04′ 53.7″,5.67,2.06
Aries,5 And,114210, 23h 07m 45.25s,+49° 17′ 43.6″,5.68,3.02
Aries,HD 5788,4675, 01h 00m 03.55s,+44° 42′ 47.9″,5.69,0.14
Aries,56 And,9021, 01h 56m 09.23s,+37° 15′ 06.5″,5.69,0.73
Aries,23 And,1086, 00h 13m 30.94s,+41° 02′ 08.6″,5.71,2.99
Aries,HD 16028,12072, 02h 35m 38.74s,+37° 18′ 44.2″,5.72,−0.86
Aries,V388 And,115755, 23h 27m 07.33s,+42° 54′ 43.1″,5.75,0.97
Aries,12 And,115280, 23h 20m 53.17s,+38° 10′ 56.9″,5.77,2.63
Aries,,1657, 00h 20m 45.54s,+32° 54′ 40.4″,5.79,−0.69
Aries,45 And,5550, 01h 11m 10.29s,+37° 43′ 26.9″,5.8,−1.44
Aries,HD 14622,11090, 02h 22m 50.36s,+41° 23′ 47.5″,5.81,2.44
Aries,10 And,115191, 23h 19m 52.38s,+42° 04′ 40.9″,5.81,−0.30
Aries,HD 222109,116582, 23h 37m 32.03s,+44° 25′ 44.5″,5.81,−1.20
Aries,HD 224635,118281, 23h 59m 29.33s,+33° 43′ 26.9″,5.81,3.5
Aries,OU And,117503, 23h 49m 40.96s,+36° 25′ 31.4″,5.86,0.21
Aries,,1493, 00h 18m 38.22s,+31° 31′ 02.0″,5.88,−0.23
Aries,HD 2767,2475, 00h 31m 25.61s,+33° 34′ 54.1″,5.88,0.1
Aries,HD 1606,1630, 00h 20m 24.39s,+30° 56′ 08.2″,5.89,−0.37
Aries,,9001, 01h 55m 54.47s,+37° 16′ 40.1″,5.89,−1.52
Aries,KK And,7321, 01h 34m 16.60s,+37° 14′ 13.9″,5.9,0.5
Aries,,12181, 02h 36m 57.08s,+38° 44′ 02.3″,5.91,2.24
Aries,6 And,114430, 23h 10m 27.36s,+43° 32′ 41.1″,5.91,3.65
Aries,,8423, 01h 48m 38.84s,+37° 57′ 10.6″,5.94,1.06
Aries,39 And,4903, 01h 02m 54.28s,+41° 20′ 42.7″,5.95,0.84
Aries,,6711, 01h 26m 18.60s,+43° 27′ 28.4″,5.98,2.9
Aries,AN And,115065, 23h 18m 23.33s,+41° 46′ 25.3″,5.98,0.17
Aries,HD 5608,4552, 00h 58m 14.19s,+33° 57′ 03.8″,5.99,2.17
Aries,,117956, 23h 55m 33.48s,+47° 21′ 21.0″,6.01,−2.46
Aries,,118071, 23h 57m 03.63s,+42° 39′ 29.7″,6.01,−2.22
Aries,,3604, 00h 46m 10.80s,+44° 51′ 41.4″,6.03,0.32
Aries,,10403, 02h 14m 02.53s,+47° 29′ 03.8″,6.05,2.96
Aries,HD 3883,3269, 00h 41m 35.98s,+24° 37′ 44.6″,6.06,0.3
Aries,V439 And,544, 00h 06m 36.53s,+29° 01′ 19.0″,6.07,5.39
Aries,,4185, 00h 53m 28.22s,+37° 25′ 05.9″,6.07,0.77
Aries,,116030, 23h 30m 39.54s,+38° 39′ 44.0″,6.07,−0.33
Aries,HD 223229,117340, 23h 47m 33.05s,+46° 49′ 57.3″,6.08,−1.96
Aries,,394, 00h 04m 53.21s,+34° 39′ 34.4″,6.09,3.26
Aries,59 And A,10176, 02h 10m 52.83s,+39° 02′ 22.5″,6.09,1.56
Aries,26 And,1501, 00h 18m 42.15s,+43° 47′ 28.1″,6.1,−0.53
Aries,,4501, 00h 57m 39.64s,+45° 50′ 21.8″,6.1,0.45
Aries,HD 225218,365, 00h 04m 36.60s,+42° 05′ 33.2″,6.11,−2.45
Aries,,5993, 01h 17m 05.05s,+44° 54′ 07.5″,6.11,−0.18
Aries,HD 1185,1302, 00h 16m 21.50s,+43° 35′ 42.4″,6.12,1.28
Aries,,114162, 23h 07m 10.05s,+52° 48′ 59.6″,6.12,0.55
Aries,GO And,3919, 00h 50m 18.21s,+45° 00′ 08.1″,6.13,1.34
Aries,,5650, 01h 12m 34.06s,+45° 20′ 14.9″,6.13,−0.52
Aries,66 And,11465, 02h 27m 51.75s,+50° 34′ 12.7″,6.16,2.54
Aries,,10924, 02h 20m 41.50s,+47° 18′ 39.0″,6.17,−0.87
Aries,,967, 00h 11m 59.03s,+48° 09′ 08.5″,6.18,0.05
Aries,,2926, 00h 37m 07.20s,+24° 00′ 51.3″,6.18,1.13
Aries,HD 221776,116365, 23h 34m 46.73s,+38° 01′ 26.3″,6.18,−0.41
Aries,,12287, 02h 38m 17.86s,+37° 43′ 36.6″,6.19,1.6
Aries,HD 221246,115996, 23h 30m 07.39s,+49° 07′ 59.3″,6.19,−0.91
Aries,OP And,7493, 01h 36m 27.21s,+48° 43′ 22.2″,6.2,0.65
Aries,,699, 00h 08m 41.02s,+36° 37′ 38.7″,6.21,3.61
Aries,,10814, 02h 19m 10.84s,+46° 28′ 20.2″,6.21,0.5
Aries,,1123, 00h 14m 02.29s,+33° 12′ 21.9″,6.22,1.45
Aries,HD 895,1076, 00h 13m 23.93s,+26° 59′ 15.4″,6.24,0.78
Aries,,116824, 23h 40m 40.47s,+36° 43′ 14.6″,6.24,3.01
Aries,,137, 00h 01m 43.85s,+42° 22′ 01.7″,6.25,−1.80
Aries,,8922, 01h 54m 53.75s,+40° 42′ 07.9″,6.25,1.13
Aries,HD 220105,115261, 23h 20m 44.11s,+44° 06′ 58.5″,6.25,1.73
Aries,,116292, 23h 33m 42.99s,+45° 03′ 29.1″,6.25,0.12
Aries,HD 2942,2583, 00h 32m 49.09s,+28° 16′ 48.8″,6.26,0.47
Aries,,6776, 01h 27m 06.21s,+34° 22′ 39.3″,6.27,3.12
Aries,,2270, 00h 28m 56.67s,+36° 53′ 58.9″,6.28,0.51
Aries,,6512, 01h 23m 37.31s,+34° 14′ 44.2″,6.28,2.43
Aries,,8930, 01h 54m 57.63s,+37° 07′ 42.0″,6.28,0.25
Aries,,6087, 01h 18m 10.14s,+47° 25′ 11.0″,6.29,−2.07
Aries,,12305, 02h 38m 27.94s,+38° 05′ 21.0″,6.29,−0.47
Aries,,115171, 23h 19m 41.37s,+48° 22′ 51.1″,6.29,0.47
Aries,,113501, 22h 59m 10.37s,+52° 39′ 16.0″,6.31,−0.26
Aries,,8127, 01h 44m 26.53s,+46° 08′ 23.2″,6.32,0.23
Aries,,114714, 23h 14m 14.34s,+50° 37′ 04.5″,6.32,0.82
Aries,,8044, 01h 43m 16.39s,+45° 19′ 21.5″,6.33,2.61
Aries,,8370, 01h 47m 48.00s,+46° 13′ 47.6″,6.33,2.5
Aries,,1208, 00h 15m 06.93s,+31° 32′ 08.7″,6.34,−1.70
Aries,HD 8673,6702, 01h 26m 08.62s,+34° 34′ 47.7″,6.34,3.43
Aries,,1215, 00h 15m 10.55s,+27° 17′ 00.5″,6.35,0.84
Aries,,1575, 00h 19m 41.58s,+40° 43′ 46.2″,6.35,0.25
Aries,,116505, 23h 36m 30.52s,+32° 54′ 15.1″,6.35,1.92
Aries,CG And,63, 00h 00m 43.62s,+45° 15′ 12.0″,6.36,−0.23
Aries,HD 16004,12057, 02h 35m 27.89s,+39° 39′ 52.1″,6.36,0.11
Aries,,10562, 02h 15m 57.69s,+47° 48′ 43.4″,6.37,0.61
Aries,LN And,113802, 23h 02m 45.15s,+44° 03′ 31.6″,6.37,−1.42
Aries,V385 And,115530, 23h 24m 08.88s,+41° 36′ 46.3″,6.37,−1.55
Aries,GY And,7651, 01h 38m 31.84s,+45° 23′ 58.9″,6.38,0.66
Aries,,9983, 02h 08m 33.55s,+44° 27′ 34.4″,6.38,0.78
Aries,,114152, 23h 07m 04.99s,+35° 38′ 11.3″,6.38,−0.08
Aries,,7444, 01h 35m 52.46s,+41° 04′ 35.1″,6.39,1.01
Aries,V529 And,6794, 01h 27m 26.67s,+41° 06′ 04.0″,6.42,2.69
Aries,,113750, 23h 02m 11.32s,+44° 34′ 22.4″,6.43,1.22
Aries,HD 222641,116941, 23h 42m 14.68s,+44° 59′ 30.3″,6.43,−0.48
Aries,HD 7853,6140, 01h 18m 47.02s,+37° 23′ 10.7″,6.44,0.71
Aries,,10830, 02h 19m 22.77s,+48° 57′ 19.0″,6.44,2.39
Aries,,114981, 23h 17m 16.59s,+45° 09′ 51.5″,6.44,2.1
Aries,HD 6114,4911, 01h 03m 01.47s,+47° 22′ 34.3″,6.46,1.39
Aries,,9163, 01h 57m 59.23s,+47° 05′ 43.9″,6.48,−1.24
Aries,ET And,115036, 23h 17m 55.99s,+45° 29′ 20.2″,6.48,0.36
Aries,HD 222399,116781, 23h 40m 02.82s,+37° 39′ 10.2″,6.49,1.74
Aries,PY And,2865, 00h 36m 20.00s,+27° 15′ 17″,6.5,-0.16
Aries,,1009, 00h 12m 34.08s,+44° 42′ 26.1″,6.5,0.5
Aries,59 And B,10180, 02h 10m 53.67s,+39° 02′ 36.0″,6.82,−1.76
Aries,HD 222155,116616, 23h 38m 00s,+48° 59′ 47″,7.1,3.65
Aries,HD 16175,12191, 02h 37m 01.91s,+42° 03′ 45.5″,7.28,3.4
Aries,R And,1901, 00h 24m 01.95s,+38° 34′ 37.3″,7.39,
Aries,HD 1605,1640, 00h 20m 32.0s,+30° 58′ 29″,7.52,2.88
Aries,HD 13931,10626, 02h 16m 47.38s,+43° 46′ 22.8″,7.52,4.3
Aries,HD 5583,, 00h 57m 57.0s,+34° 59′ 08″,7.6,0.88
Aries,RW And,, 00h 47m 18.92s,+32° 41′ 08.6″,7.9,
Aries,GRB 34,1475, 00h 18m 22.9s,+44° 01′ 22″,8.01,10.25
Aries,HD 15082,11397, 02h 26m 51.06s,+37° 33′ 01.7″,8.3,3
Aries,Z And,116287, 23h 33m 39.95s,+48° 49′ 05.9″,10.53,2.38
Aries,HAT-P-6,, 23h 39m 05.81s,+42° 27′ 57.5″,10.54,4.03
Aries,HAT-P-16,, 00h 38m 17.56s,+42° 27′ 47.2″,10.8,3.9
Aries,HAT-P-32,, 02h 01m 10s,+46° 41′ 16″,11.29,3.76
Aries,WASP-1,, 00h 20m 40.08s,+31° 59′ 23.8″,11.79,3.89
Aries,Kepler-63,, 01h 17m 07.6s,+49° 32′ 54″,12.02,5.52
Aries,Ross 248,, 23h 41m 54.99s,+44° 10′ 40.8″,12.29,14.79
Aries,HAT-P-19,, 00h 38m 04s,+34° 42′ 42″,12.9,6.24
Aries,HAT-P-28,, 00h 52m 00s,+34° 43′ 42″,13.03,5.05
Aries,HAT-P-53,, 01h 27m 29.0s,+38° 58′ 05″,13.73,4.45
Aries,S And,, 00h 42m 43.11s,+41° 16′ 04.2″,,
Cassiopeia,γ Cas,4427, 00h 56m 42.50s,+60° 43′ 00.3″,2.15,−4.22
Cassiopeia,α Cas,3179, 00h 40m 30.39s,+56° 32′ 14.7″,2.24,−1.99
Cassiopeia,β Cas,746, 00h 09m 10.09s,+59° 09′ 00.8″,2.28,1.17
Cassiopeia,δ Cas,6686, 01h 25m 48.60s,+60° 14′ 07.5″,2.68,0.26
Cassiopeia,ε Cas,8886, 01h 54m 23.68s,+63° 40′ 12.5″,3.35,−2.31
Cassiopeia,η Cas,3821, 00h 49m 05.10s,+57° 48′ 59.6″,3.46,4.59
Cassiopeia,ζ Cas,2920, 00h 36m 58.27s,+53° 53′ 49.0″,3.69,−2.62
Cassiopeia,50 Cas,9598, 02h 03m 26.19s,+72° 25′ 16.5″,3.95,0.47
Cassiopeia,κ Cas,2599, 00h 32m 59.99s,+62° 55′ 54.4″,4.17,−6.34
Cassiopeia,θ Cas,5542, 01h 11m 05.93s,+55° 08′ 59.8″,4.34,1.22
Cassiopeia,ι Cas,11569, 02h 29m 03.99s,+67° 24′ 08.6″,4.46,1.27
Cassiopeia,ο Cas,3504, 00h 44m 43.50s,+48° 17′ 03.8″,4.48,−2.74
Cassiopeia,48 Cas,9480, 02h 01m 57.55s,+70° 54′ 25.4″,4.49,1.72
Cassiopeia,ρ Cas,117863, 23h 54m 23.04s,+57° 29′ 57.8″,4.51,−9.5
Cassiopeia,υ2 Cas,4422, 00h 56m 40.01s,+59° 10′ 52.2″,4.62,0.62
Cassiopeia,χ Cas,7294, 01h 33m 55.93s,+59° 13′ 55.5″,4.68,0.7
Cassiopeia,ψ Cas,6692, 01h 25m 55.90s,+68° 07′ 47.8″,4.72,0.86
Cassiopeia,λ Cas,2505, 00h 31m 46.32s,+54° 31′ 20.4″,4.74,−0.44
Cassiopeia,ξ Cas,3300, 00h 42m 03.88s,+50° 30′ 45.1″,4.8,−2.86
Cassiopeia,HR 244,4151, 00h 53m 04.28s,+61° 07′ 24.8″,4.8,3.46
Cassiopeia,R Cas,118188, 23h 58m 24.80s,+51° 23′ 19.0″,4.8,
Cassiopeia,υ1 Cas,4292, 00h 55m 00.19s,+58° 58′ 22.1″,4.83,−0.65
Cassiopeia,1 Cas,114104, 23h 06m 36.81s,+59° 25′ 11.2″,4.84,−2.81
Cassiopeia,HD 19275,14862, 03h 11m 56.24s,+74° 23′ 37.9″,4.85,1.37
Cassiopeia,τ Cas,117301, 23h 47m 03.39s,+58° 39′ 06.7″,4.88,1.26
Cassiopeia,σ Cas,118243, 23h 59m 00.53s,+55° 45′ 17.8″,4.88,−3.47
Cassiopeia,AR Cas,115990, 23h 30m 01.92s,+58° 32′ 56.1″,4.89,−1.34
Cassiopeia,ν Cas,3801, 00h 48m 49.99s,+50° 58′ 05.5″,4.9,−0.49
Cassiopeia,π Cas,3414, 00h 43m 28.09s,+47° 01′ 28.7″,4.95,1.31
Cassiopeia,φ Cas,6242, 01h 20m 04.92s,+58° 13′ 53.8″,4.95,−4.32
Cassiopeia,4 Cas,115590, 23h 24m 50.25s,+62° 16′ 58.2″,4.96,−1.91
Cassiopeia,ω Cas,9009, 01h 56m 00.00s,+68° 41′ 07.0″,4.97,−1.69
Cassiopeia,HD 3240,2854, 00h 36m 08.29s,+54° 10′ 06.4″,5.08,−0.87
Cassiopeia,V509 Cas,113561, 23h 00m 05.10s,+56° 56′ 43.4″,5.1,−6.77
Cassiopeia,μ Cas,5336, 01h 08m 12.92s,+54° 55′ 27.2″,5.17,5.78
Cassiopeia,HD 15920,12273, 02h 38m 02.09s,+72° 49′ 05.6″,5.17,0.69
Cassiopeia,42 Cas,8016, 01h 42m 55.73s,+70° 37′ 21.2″,5.18,0.51
Cassiopeia,49 Cas,9763, 02h 05m 31.58s,+76° 06′ 54.4″,5.22,−0.36
Cassiopeia,47 Cas,9727, 02h 05m 07.05s,+77° 16′ 53.2″,5.27,2.64
Cassiopeia,40 Cas,7650, 01h 38m 30.94s,+73° 02′ 24.3″,5.28,−0.40
Cassiopeia,HD 11946,9312, 01h 59m 37.99s,+64° 37′ 17.9″,5.29,0.81
Cassiopeia,31 Cas,5518, 01h 10m 39.27s,+68° 46′ 43.3″,5.32,0.38
Cassiopeia,HD 4775,3951, 00h 50m 43.57s,+64° 14′ 51.3″,5.35,−1.63
Cassiopeia,12 Cas,1960, 00h 24m 47.49s,+61° 49′ 51.8″,5.38,−1.47
Cassiopeia,HD 4222,3544, 00h 45m 17.20s,+55° 13′ 17.1″,5.41,0.25
Cassiopeia,23 Cas,3721, 00h 47m 46.02s,+74° 50′ 51.3″,5.42,−1.54
Cassiopeia,6 Cas,117447, 23h 48m 50.17s,+62° 12′ 52.3″,5.43,−8.06
Cassiopeia,HD 3474,3083, 00h 39m 09.89s,+49° 21′ 16.5″,5.45,−2.60
Cassiopeia,HD 9900,7617, 01h 38m 07.56s,+57° 58′ 39.5″,5.55,−2.17
Cassiopeia,HD 223173,117299, 23h 47m 01.91s,+57° 27′ 05.0″,5.55,−3.00
Cassiopeia,HD 5408,4440, 00h 56m 46.94s,+60° 21′ 46.3″,5.56,−0.81
Cassiopeia,HD 6960,5566, 01h 11m 25.52s,+64° 12′ 09.8″,5.56,0.06
Cassiopeia,HD 220369,115395, 23h 22m 32.52s,+60° 08′ 00.6″,5.56,−2.73
Cassiopeia,10 Cas,531, 00h 06m 26.53s,+64° 11′ 46.2″,5.57,−1.82
Cassiopeia,32 Cas,5589, 01h 11m 41.37s,+65° 01′ 08.0″,5.57,0.34
Cassiopeia,43 Cas,7965, 01h 42m 20.44s,+68° 02′ 35.0″,5.57,−0.10
Cassiopeia,HR 8832,114622, 23h 13m 14.74s,+57° 10′ 03.5″,5.57,6.5
Cassiopeia,HR 9059,118077, 23h 57m 08.49s,+55° 42′ 20.6″,5.57,1.45
Cassiopeia,HD 224893,124, 00h 01m 37.02s,+61° 13′ 22.1″,5.58,−4.75
Cassiopeia,HD 1976,1921, 00h 24m 15.64s,+52° 01′ 11.7″,5.58,−2.54
Cassiopeia,HD 219623,114924, 23h 16m 42.19s,+53° 12′ 50.6″,5.58,4.04
Cassiopeia,HD 2774,2497, 00h 31m 41.21s,+52° 50′ 22.4″,5.59,0.18
Cassiopeia,53 Cas,9573, 02h 03m 00.19s,+64° 23′ 24.1″,5.59,−4.54
Cassiopeia,HD 17948,13665, 02h 55m 56.74s,+61° 31′ 15.8″,5.59,3.48
Cassiopeia,HR 511,8362, 01h 47m 44.06s,+63° 51′ 11.2″,5.63,5.64
Cassiopeia,YZ Cas,3572, 00h 45m 39.11s,+74° 59′ 17.3″,5.64,0.89
Cassiopeia,68 Cas,3478, 00h 44m 26.23s,+47° 51′ 50.3″,5.66,−1.18
Cassiopeia,2 Cas,114365, 23h 09m 44.14s,+59° 19′ 57.7″,5.68,−3.23
Cassiopeia,HD 9352,7251, 01h 33m 25.71s,+58° 19′ 38.4″,5.69,−3.20
Cassiopeia,HD 2054,1982, 00h 25m 06.39s,+53° 02′ 48.4″,5.72,−0.33
Cassiopeia,HD 1239,1354, 00h 16m 57.05s,+61° 31′ 59.5″,5.74,−0.73
Cassiopeia,HD 6676,5361, 01h 08m 33.45s,+58° 15′ 48.5″,5.77,−0.43
Cassiopeia,HD 3283,2876, 00h 36m 27.34s,+60° 19′ 34.4″,5.78,−4.29
Cassiopeia,44 Cas,8046, 01h 43m 19.74s,+60° 33′ 04.9″,5.78,−1.46
Cassiopeia,HD 225289,418, 00h 05m 06.13s,+61° 18′ 50.3″,5.8,−0.93
Cassiopeia,HD 16024,12239, 02h 37m 36.01s,+65° 44′ 43.3″,5.8,−1.19
Cassiopeia,38 Cas,7078, 01h 31m 13.52s,+70° 15′ 53.2″,5.82,3.49
Cassiopeia,HD 3856,3299, 00h 42m 03.44s,+66° 08′ 51.4″,5.83,−0.11
Cassiopeia,HR 297,5021, 01h 04m 19.55s,+61° 34′ 48.9″,5.83,1.31
Cassiopeia,HD 1279,1372, 00h 17m 09.04s,+47° 56′ 50.7″,5.86,−1.47
Cassiopeia,HD 4440,3750, 00h 48m 08.88s,+72° 40′ 28.0″,5.86,1.69
Cassiopeia,HD 225009,207, 00h 02m 36.08s,+66° 05′ 56.3″,5.87,−3.15
Cassiopeia,V762 Cas,5926, 01h 16m 11.90s,+71° 44′ 37.8″,5.87,−7.42
Cassiopeia,HD 19065,14502, 03h 07m 19.02s,+64° 03′ 27.4″,5.89,−0.27
Cassiopeia,9 Cas,330, 00h 04m 13.66s,+62° 17′ 15.6″,5.9,−4.35
Cassiopeia,HD 6130,4962, 01h 03m 37.01s,+61° 04′ 29.4″,5.92,−2.41
Cassiopeia,HD 2952,2611, 00h 33m 10.32s,+54° 53′ 42.3″,5.93,0.62
Cassiopeia,HD 2626,2377, 00h 30m 19.91s,+59° 58′ 39.2″,5.94,−0.77
Cassiopeia,SU Cas,13367, 02h 51m 58.75s,+68° 53′ 18.7″,5.94,−2.24
Cassiopeia,HD 16769,12821, 02h 44m 49.67s,+67° 49′ 29.0″,5.95,0.47
Cassiopeia,HD 5550,4572, 00h 58m 31.00s,+66° 21′ 06.6″,5.97,0.66
Cassiopeia,HR 5,518, 00h 06m 15.54s,+58° 26′ 12.1″,5.98,4.44
Cassiopeia,HD 6211,4998, 01h 04m 02.39s,+52° 30′ 08.3″,5.99,−1.42
Cassiopeia,52 Cas,9564, 02h 02m 52.49s,+64° 54′ 05.4″,6,1.3
Cassiopeia,HD 11857,9220, 01h 58m 33.22s,+61° 41′ 52.1″,6.02,−0.70
Cassiopeia,V373 Cas,117957, 23h 55m 33.84s,+57° 24′ 43.8″,6.03,
Cassiopeia,HD 4817,3988, 00h 51m 16.39s,+61° 48′ 19.8″,6.04,−3.37
Cassiopeia,55 Cas,10438, 02h 14m 29.10s,+66° 31′ 28.0″,6.05,−0.72
Cassiopeia,AO Cas,1415, 00h 17m 43.07s,+51° 25′ 59.1″,6.11,−5.11
Cassiopeia,HD 12173,9586, 02h 03m 10.51s,+73° 51′ 02.0″,6.12,0.89
Cassiopeia,HD 9030,7050, 01h 30m 52.01s,+66° 05′ 53.2″,6.15,1.46
Cassiopeia,HD 17958,13700, 02h 56m 24.66s,+64° 19′ 56.8″,6.17,−1.80
Cassiopeia,HD 224784,43, 00h 00m 30.98s,+59° 33′ 35.1″,6.18,0.59
Cassiopeia,HD 2589,2422, 00h 30m 54.20s,+77° 01′ 10.2″,6.18,3.2
Cassiopeia,13 Cas,2474, 00h 31m 25.20s,+66° 31′ 10.7″,6.18,−0.53
Cassiopeia,HD 3924,3334, 00h 42m 31.01s,+58° 45′ 12.4″,6.18,−1.29
Cassiopeia,V773 Cas,8115, 01h 44m 17.91s,+57° 32′ 12.0″,6.18,1.69
Cassiopeia,HD 5343,4383, 00h 56m 12.93s,+57° 59′ 47.7″,6.2,0.28
Cassiopeia,HD 224870,106, 00h 01m 19.24s,+49° 58′ 53.7″,6.22,−0.51
Cassiopeia,HD 4881,4023, 00h 51m 33.79s,+51° 34′ 17.2″,6.22,−1.51
Cassiopeia,HD 225094,274, 00h 03m 25.72s,+63° 38′ 25.9″,6.24,−3.92
Cassiopeia,HD 217673,113684, 23h 01m 30.72s,+57° 06′ 19.7″,6.24,−1.56
Cassiopeia,HD 222618,116912, 23h 41m 54.56s,+57° 15′ 35.9″,6.24,−0.93
Cassiopeia,HD 10587,8148, 01h 44m 46.15s,+57° 05′ 21.2″,6.25,0.07
Cassiopeia,HD 13222,10350, 02h 13m 21.05s,+74° 01′ 40.1″,6.25,0.61
Cassiopeia,HD 21970,17056, 03h 39m 25.10s,+75° 44′ 22.6″,6.25,0.65
Cassiopeia,RZ Cas,13133, 02h 48m 55.51s,+69° 38′ 03.1″,6.26,2.28
Cassiopeia,HD 222570,116876, 23h 41m 26.80s,+49° 30′ 44.9″,6.26,−0.63
Cassiopeia,HD 5128,4212, 00h 53m 47.53s,+52° 41′ 21.6″,6.27,1.61
Cassiopeia,HD 5273,4298, 00h 55m 05.22s,+48° 40′ 42.8″,6.28,−0.68
Cassiopeia,HD 6540,5251, 01h 07m 09.44s,+53° 29′ 53.5″,6.31,−1.79
Cassiopeia,HD 7732,6261, 01h 20m 19.45s,+77° 34′ 13.7″,6.31,0.98
Cassiopeia,35 Cas,6312, 01h 21m 05.19s,+64° 39′ 29.5″,6.33,2.01
Cassiopeia,HD 10362,8020, 01h 42m 58.32s,+61° 25′ 15.9″,6.33,−1.15
Cassiopeia,HD 223386,117450, 23h 48m 53.91s,+59° 58′ 44.2″,6.33,1.22
Cassiopeia,HD 8424,6685, 01h 25m 46.30s,+70° 58′ 47.7″,6.34,0.35
Cassiopeia,HD 10293,7963, 01h 42m 17.69s,+58° 37′ 39.9″,6.35,−1.90
Cassiopeia,HD 8272,6486, 01h 23m 21.27s,+58° 08′ 35.6″,6.36,2.56
Cassiopeia,HD 223421,117472, 23h 49m 11.89s,+58° 57′ 47.6″,6.36,1.94
Cassiopeia,HD 7925,6378, 01h 21m 58.94s,+76° 14′ 20.0″,6.37,1.95
Cassiopeia,V805 Cas,16319, 03h 30m 19.39s,+71° 51′ 50.0″,6.37,−0.73
Cassiopeia,HD 4818,3965, 00h 50m 57.27s,+51° 30′ 28.9″,6.38,2.26
Cassiopeia,HD 4295,3641, 00h 46m 38.23s,+69° 19′ 31.3″,6.39,3.35
Cassiopeia,HD 5357,4446, 00h 56m 54.99s,+68° 46′ 32.7″,6.39,2.51
Cassiopeia,V465 Cas,6093, 01h 18m 13.89s,+57° 48′ 11.4″,6.39,−0.75
Cassiopeia,HD 220074,115218, 23h 20m 14.37s,+61° 58′ 12.5″,6.39,−0.91
Cassiopeia,HD 5715,4709, 01h 00m 30.87s,+70° 58′ 58.8″,6.4,1.21
Cassiopeia,V761 Cas,5688, 01h 13m 09.82s,+61° 42′ 22.3″,6.4,−0.11
Cassiopeia,HD 222682,116962, 23h 42m 31.41s,+61° 40′ 45.8″,6.4,0.66
Cassiopeia,HD 371,695, 00h 08m 32.87s,+63° 12′ 14.6″,6.41,−1.91
Cassiopeia,HD 2904,2628, 00h 33m 19.20s,+70° 58′ 54.7″,6.41,0.36
Cassiopeia,HD 4362,3649, 00h 46m 42.47s,+59° 34′ 28.3″,6.41,
Cassiopeia,HD 6497,5240, 01h 07m 00.07s,+56° 56′ 06.9″,6.41,1.47
Cassiopeia,HD 218440,114163, 23h 07m 10.45s,+59° 43′ 38.6″,6.41,−1.65
Cassiopeia,HD 220130,115245, 23h 20m 34.54s,+62° 12′ 47.8″,6.41,−2.24
Cassiopeia,HR 9017,117430, 23h 48m 39.03s,+64° 52′ 35.3″,6.41,−0.30
Cassiopeia,HD 1142,1269, 00h 15m 54.87s,+61° 00′ 00.7″,6.43,0.23
Cassiopeia,HD 217944,113852, 23h 03m 21.33s,+58° 33′ 50.0″,6.43,1.71
Cassiopeia,HD 5459,4475, 00h 57m 19.53s,+61° 25′ 19.0″,6.44,0.21
Cassiopeia,HD 222748,116991, 23h 43m 05.03s,+51° 56′ 21.6″,6.44,0.27
Cassiopeia,HD 1601,1639, 00h 20m 30.92s,+48° 58′ 07.1″,6.46,−0.86
Cassiopeia,HD 17581,13347, 02h 51m 45.92s,+58° 18′ 51.5″,6.46,1.75
Cassiopeia,HD 222932,117133, 23h 44m 48.37s,+55° 47′ 58.9″,6.46,0.65
Cassiopeia,16 Cas,2707, 00h 34m 24.89s,+66° 45′ 01.3″,6.47,0.28
Cassiopeia,V801 Cas,14626, 03h 08m 54.18s,+62° 23′ 04.5″,6.47,−2.48
Cassiopeia,HD 223552,117551, 23h 50m 22.12s,+51° 37′ 18.1″,6.47,3.43
Cassiopeia,HD 224404,118116, 23h 57m 33.52s,+60° 01′ 25.0″,6.47,−1.26
Cassiopeia,HD 5927,4786, 01h 01m 27.04s,+49° 32′ 39.2″,6.48,−0.77
Cassiopeia,HD 6028,4844, 01h 02m 18.47s,+51° 02′ 05.9″,6.48,0.04
Cassiopeia,HD 9811,7593, 01h 37m 47.20s,+64° 44′ 21.7″,6.49,−3.30
Cassiopeia,HR 8770,113797, 23h 02m 43.80s,+55° 14′ 11.0″,6.5,
Cassiopeia,HD 19439,14791, 03h 11m 00.80s,+64° 53′ 46.7″,6.5,2.03
Cassiopeia,V649 Cas,114904, 23h 16m 27.05s,+61° 57′ 46.6″,6.53,
Cassiopeia,54 Cas,10031, 02h 09m 07.69s,+71° 33′ 09.3″,6.57,4.39
Cassiopeia,V816 Cas,116948, 23h 42m 20.95s,+64° 30′ 55.4″,6.58,
Cassiopeia,V764 Cas,6027, 01h 17m 26.69s,+57° 37′ 55.5″,6.61,
Cassiopeia,V784 Cas,10141, 02h 10m 25.5s,+59° 58′ 47.3″,6.64,
Cassiopeia,V772 Cas,7939, 01h 42m 02.91s,+61° 02′ 17.7″,6.69,
Cassiopeia,V809 Cas,115141, 23h 19m 23.77s,+62° 44′ 23.2″,6.74,
Cassiopeia,V779 Cas,9494, 02h 02m 09.31s,+75° 30′ 07.8″,6.78,
Cassiopeia,HD 11755,9242, 01h 58m 50.0s,+73° 09′ 09″,6.87,
Cassiopeia,TU Cas,2085, 00h 26m 19.45s,+51° 16′ 49.3″,6.88,
Cassiopeia,HD 223960,117830, 23h 53m 49.98s,+60° 51′ 12.2″,6.9,
Cassiopeia,V Cas,114515, 23h 11m 40.72s,+59° 41′ 59.0″,6.9,
Cassiopeia,V486 Cas,3346, 00h 42m 37.99s,+52° 20′ 13.7″,6.95,
Cassiopeia,HD 14817,11318, 02h 25m 40.11s,+61° 32′ 58.8″,7.02,
Cassiopeia,V777 Cas,8980, 01h 55m 42.85s,+59° 16′ 24.4″,7.02,
Cassiopeia,HD 17505,13296, 02h 51m 07.98s,+60° 25′ 03.9″,7.08,
Cassiopeia,CC Cas,15063, 03h 14m 05.33s,+59° 33′ 48.5″,7.08,
Cassiopeia,HD 698,940, 00h 11m 37.15s,+58° 12′ 42.6″,7.08,
Cassiopeia,V989 Cas,10531, 02h 15m 42.56s,+67° 40′ 20.3″,7.13,
Cassiopeia,V636 Cas,7192, 01h 32m 43.23s,+63° 35′ 37.7″,7.19,
Cassiopeia,HD 7924,6379, 01h 21m 59.12s,+76° 42′ 37.0″,7.19,6.06
Cassiopeia,TV Cas,1550, 00h 19m 18.74s,+59° 08′ 20.6″,7.22,
Cassiopeia,V755 Cas,3367, 00h 42m 50.06s,+64° 17′ 28.6″,7.29,
Cassiopeia,RV Cas,, 00h 52m 42.76s,+47° 24′ 56.1″,7.3,
Cassiopeia,HD 108,505, 00h 06m 03.39s,+63° 40′ 46.8″,7.4,
Cassiopeia,HD 221585,116221, 23h 32m 54.0s,+63° 09′ 20″,7.47,
Cassiopeia,HD 13908,10743, 02h 18m 15.0s,+65° 35′ 40″,7.51,
Cassiopeia,Gliese 83.3,9481, 02h 01m 59.06s,+61° 54′ 18.2″,7.52,
Cassiopeia,HD 221468,116210, 23h 32m 47.65s,+57° 54′ 20.1″,7.55,
Cassiopeia,HD 19557,14827, 03h 11m 25.33s,+57° 54′ 11.2″,7.57,
Cassiopeia,V487 Cas,5239, 01h 06m 59.74s,+63° 46′ 23.4″,7.6,
Cassiopeia,HD 16429,12495, 02h 40m 44.94s,+61° 16′ 56.1″,7.65,
Cassiopeia,WZ Cas,99, 00h 01m 15.85s,+60° 21′ 19.0″,7.7,
Cassiopeia,HD 12288,9604, 02h 03m 30.51s,+69° 34′ 56.4″,7.74,
Cassiopeia,W Cas,4284, 00h 54m 53.85s,+58° 33′ 49.1″,7.8,
Cassiopeia,HD 15558,11832, 02h 32m 42.54s,+61° 27′ 21.6″,7.87,
Cassiopeia,S Cas,, 01h 19m 41.99s,+72° 36′ 40.8″,7.9,
Cassiopeia,HD 220842,115714, 23h 26m 37.0s,+56° 53′ 12″,7.99,
Cassiopeia,U Cas,, 00h 46m 21.37s,+48° 14′ 38.7″,8,
Cassiopeia,HD 15570,11837, 02h 32m 49.42s,+61° 22′ 42.1″,8.11,
Cassiopeia,V745 Cas,1805, 00h 22m 53.32s,+62° 14′ 29.1″,8.11,
Cassiopeia,HD 220147,115267, 23h 20m 48.92s,+62° 24′ 45.2″,8.12,
Cassiopeia,HD 17156,13192, 02h 49m 44.49s,+71° 45′ 11.6″,8.17,3.7
Cassiopeia,HD 240237,114840, 23h 15m 42.22s,+58° 02′ 35.7″,8.17,
Cassiopeia,HD 17520,13308, 02h 51m 14.46s,+60° 23′ 09.8″,8.24,
Cassiopeia,V641 Cas,, 00h 09m 26.34s,+63° 57′ 14.1″,8.3,
Cassiopeia,V368 Cas,14936, 03h 12m 35.54s,+59° 55′ 10.9″,8.32,
Cassiopeia,HD 240210,, 23h 10m 29.23s,+57° 01′ 46.0″,8.33,2.55
Cassiopeia,V605 Cas,10904, 02h 20m 22.47s,+59° 40′ 16.9″,8.36,
Cassiopeia,TW Cas,12906, 02h 45m 54.82s,+65° 43′ 35.1″,8.38,
Cassiopeia,HD 15629,11891, 02h 33m 20.59s,+61° 31′ 18.2″,8.42,
Cassiopeia,HD 5797,4717, 01h 00m 33.43s,+60° 26′ 40.9″,8.47,
Cassiopeia,Z Cas,, 23h 44m 31.59s,+56° 34′ 52.7″,8.5,
Cassiopeia,HD 217850,113789, 23h 02m 37.0s,+58° 52′ 34″,8.5,
Cassiopeia,DO Cas,12543, 02h 41m 24.16s,+60° 33′ 11.8″,8.54,
Cassiopeia,HD 12098,, 02h 00m 40.18s,+58° 31′ 37.1″,,
Cassiopeia,RW Cas,7548, 01h 37m 14.02s,+57° 45′ 33.2″,8.58,
Cassiopeia,DL Cas,2347, 00h 29m 58.59s,+60° 12′ 43.1″,8.63,
Cassiopeia,RX Cas,14542, 03h 05m 45.75s,+67° 34′ 38.6″,8.64,
Cassiopeia,Y Cas,, 00h 03m 21.47s,+55° 40′ 51.8″,8.7,
Cassiopeia,BD+60 2522,, 23h 20m 44.52s,+61° 11′ 40.6″,8.7,
Cassiopeia,T Cas,1834, 00h 23m 14.27s,+55° 47′ 33.2″,8.87,
Cassiopeia,PZ Cas,117078, 23h 44m 03.28s,+61° 47′ 22.2″,8.9,
Cassiopeia,BM Cas,4279, 00h 54m 45.95s,+64° 05′ 06.2″,8.91,
Cassiopeia,HD 219415,, 23h 14m 54.0s,+56° 43′ 49″,8.94,
Cassiopeia,SX Cas,871, 00h 10m 42.08s,+54° 53′ 29.4″,8.87,
Cassiopeia,WW Cas,7260, 01h 33m 32.69s,+57° 45′ 05.4″,9.1,
Cassiopeia,FM Cas,1162, 00h 14m 28.24s,+56° 15′ 10.6″,9.16,
Cassiopeia,TZ Cas,117763, 23h 52m 56.24s,+61° 00′ 08.4″,9.18,
Cassiopeia,AZ Cas,, 01h 42m 16.51s,+61° 25′ 16.3″,9.22,
Cassiopeia,TX Cas,, 02h 52m 16.19s,+62° 46′ 57.5″,9.33,
Cassiopeia,X Cas,9057, 01h 56m 38.09s,+59° 15′ 33.7″,9.45,
Cassiopeia,XX Cas,, 01h 29m 34.61s,+60° 58′ 04.7″,9.57,
Cassiopeia,SZ Cas,11420, 02h 27m 13.77s,+59° 27′ 38.2″,9.6,
Cassiopeia,SW Cas,114160, 23h 07m 10.08s,+58° 33′ 15.1″,9.74,
Cassiopeia,UU Cas,117576, 23h 50m 39.52s,+60° 54′ 39.1″,9.74,
Cassiopeia,DD Cas,118122, 23h 57m 34.96s,+62° 43′ 05.7″,9.84,
Cassiopeia,PV Cas,, 23h 10m 02.58s,+59° 12′ 06.1″,9.86,
Cassiopeia,SY Cas,1213, 00h 15m 09.81s,+58° 25′ 27.4″,9.92,
Cassiopeia,DN Cas,, 02h 23m 11.53s,+60° 49′ 50.1″,9.93,
Cassiopeia,RY Cas,117690, 23h 52m 07.03s,+58° 44′ 30.2″,9.95,
Cassiopeia,XY Cas,3886, 00h 49m 53.26s,+60° 07′ 38.6″,9.97,
Cassiopeia,OX Cas,5391, 01h 09m 00.10s,+61° 28′ 14.8″,10.06,
Cassiopeia,RS Cas,116556, 23h 37m 16.06s,+62° 25′ 44.4″,10.06,
Cassiopeia,QQ Cas,, 23h 45m 36.75s,+59° 54′ 21.6″,10.2,
Cassiopeia,V381 Cas,, 00h 32m 51.61s,+49° 19′ 39.3″,10.22,
Cassiopeia,QX Cas,, 23h 58m 43.15s,+61° 09′ 39.5″,10.25,
Cassiopeia,V547 Cas,2552, 00h 32m 29.43s,+67° 14′ 08.4″,10.29,
Cassiopeia,AQ Cas,6174, 01h 19m 10.35s,+62° 23′ 48.4″,10.31,
Cassiopeia,AB Cas,12235, 02h 37m 31.51s,+71° 18′ 16.3″,10.32,
Cassiopeia,V459 Cas,, 01h 11m 29.92s,+61° 08′ 48.0″,10.36,
Cassiopeia,BY Cas,8312, 01h 47m 11.92s,+61° 25′ 21.0″,10.41,
Cassiopeia,VX Cas,, 00h 31m 30.68s,+61° 58′ 51.0″,10.5,
Cassiopeia,WR 1,3415, 00h 43m 28.40s,+64° 45′ 35.4″,10.54,
Cassiopeia,MWC 419,3401, 00h 43m 18.26s,+61° 54′ 40.1″,10.6,
Cassiopeia,CE Cas,, 23h 58m 09.31s,+61° 12′ 49.3″,10.63,
Cassiopeia,CD Cas,117154, 23h 45m 02.63s,+63° 00′ 13.9″,10.64,
Cassiopeia,VW Cas,5138, 01h 05m 48.22s,+61° 45′ 17.8″,10.67,
Cassiopeia,WR 3,7681, 01h 38m 55.63s,+58° 09′ 22.7″,10.69,
Cassiopeia,VV Cas,8614, 01h 51m 07.03s,+59° 53′ 17.5″,10.73,
Cassiopeia,DF Cas,12817, 02h 44m 43.31s,+61° 27′ 52.9″,10.74,
Cassiopeia,V364 Cas,, 00h 52m 43.01s,+50° 28′ 10.2″,10.75,
Cassiopeia,WY Cas,, 23h 58m 01.30s,+56° 29′ 13.5″,10.76,
Cassiopeia,ZZ Cas,2644, 00h 33m 30.38s,+62° 30′ 40.2″,10.79,
Cassiopeia,CH Cas,115390, 23h 22m 28.44s,+62° 45′ 25.7″,10.79,
Cassiopeia,CF Cas,118174, 23h 58m 17.98s,+61° 13′ 15.8″,10.8,
Cassiopeia,BP Cas,5846, 01h 15m 01.09s,+65° 35′ 57.9″,10.8,
Cassiopeia,LS I +61 303,12469, 02h 40m 31.67s,+61° 13′ 45.6″,10.8,
Cassiopeia,V523 Cas,, 00h 40m 06.26s,+50° 14′ 15.5″,10.87,
Cassiopeia,WASP-93,, 00h 37m 50.0s,+51° 17′ 20″,10.97,
Cassiopeia,CW Cas,, 00h 45m 52.69s,+63° 05′ 08.4″,11.08,
Cassiopeia,2S 0114+650,6081, 01h 18m 02.70s,+65° 17′ 29.9″,11.09,
Cassiopeia,IR Cas,, 23h 06m 52.37s,+54° 04′ 52.2″,11.14,
Cassiopeia,IT Cas,, 23h 42m 01.40s,+51° 44′ 36.8″,11.23,
Cassiopeia,WR 2,5100, 01h 05m 23.01s,+60° 25′ 19.0″,11.33,
Cassiopeia,CG Cas,, 00h 00m 59.25s,+69° 57′ 32.2″,11.28,
Cassiopeia,RX J0146.9+6121,, 01h 47m 00.21s,+61° 31′ 23.7″,11.34,
Cassiopeia,IV Cas,, 23h 49m 31.53s,+53° 08′ 04.8″,11.34,
Cassiopeia,IX Cas,390, 00h 04m 50.82s,+50° 14′ 05.5″,11.36,
Cassiopeia,UZ Cas,5658, 01h 12m 41.16s,+61° 12′ 48.1″,11.45,
Cassiopeia,GP Cas,12416, 02h 39m 50.44s,+59° 35′ 51.3″,11.5,
Cassiopeia,MWC 1080,114995, 23h 17m 25.58s,+60° 50′ 43.4″,11.58,
Cassiopeia,CY Cas,115925, 23h 29m 12.77s,+63° 22′ 27.5″,11.67,
Cassiopeia,UV Cas,, 23h 02m 14.66s,+59° 36′ 36.7″,11.8,
Cassiopeia,BS Cas,, 01h 21m 38.57s,+59° 10′ 27.1″,11.84,
Cassiopeia,Gliese 82,9291, 01h 59m 23.51s,+58° 31′ 16.1″,12.04,
Cassiopeia,V627 Cas,113373, 22h 57m 40.99s,+58° 09′ 12.5″,12.4,
Cassiopeia,TY Cas,, 00h 36m 59.42s,+63° 08′ 01.7″,,
Cassiopeia,V592 Cas,, 00h 20m 52.22s,+55° 42′ 16.3″,12.79,
Cassiopeia,HV Cas,, 01h 11m 03.48s,+53° 43′ 40.2″,12.9,
Cassiopeia,BH Cas,, 00h 21m 21.38s,+59° 09′ 05.4″,13,
Cassiopeia,IRAS 23304+6147,, 23h 32m 44.79s,+62° 03′ 49.1″,13.1,
Cassiopeia,HAT-P-44,, 00h 56m 50.3s,+47° 00′ 52″,13.21,
Cassiopeia,LkHα 198,, 00h 11m 25.83s,+58° 49′ 28.6″,13.79,
Cassiopeia,V664 Cas,, 03h 03m 47.01s,+64° 54′ 35.7″,14.56,
Cassiopeia,V425 Cas,, 23h 03m 46.66s,+53° 17′ 14.9″,,
Cassiopeia,V709 Cas,, 00h 28m 48.84s,+59° 17′ 22.0″,,
Cassiopeia,4U 0115+634,, 01h 18m 31.90s,+63° 44′ 24.0″,15.19,
Cassiopeia,V376 Cas,, 00h 11m 26.52s,+58° 50′ 03.7″,,
Cassiopeia,IGR J00234+6141,, 00h 22m 57.64s,+61° 41′ 07.6″,16.1,
Cassiopeia,V705 Cas,, 23h 41m 47.19s,+57° 30′ 59.5″,16.4,
Cassiopeia,Tycho G,, 00h 25m 19.9s,+64° 08′ 18″,17,
Cassiopeia,V723 Cas,, 01h 05m 05.36s,+54° 00′ 40.3″,18,
Cassiopeia,RNO 1B,, 00h 36m 46.30s,+63° 28′ 54.1″,18.6,
Cassiopeia,HT Cas,, 01h 10m 13.13s,+60° 04′ 35.4″,19.32,
Cassiopeia,4U 0142+61,, 01h 46m 22.21s,+61° 45′ 03.8″,25.62,
Cassiopeia,IGR J00291+5934,, 00h 29m 13.06s,+59° 34′ 19.0″,,
Cassiopeia,1E 2259+586,, 23h 01m 08.14s,+58° 52′ 44.5″,,
Cassiopeia,PSR B2319+60,, 23h 21m 55.21s,+60° 24′ 30.7″,,
Cassiopeia,PSR B2334+61,, 23h 37m 05.78s,+61° 51′ 01.7″,,
Cassiopeia,PSR J0205+6449,, 02h 05m 37.92s,+64° 49′ 42.8″,,
Cassiopeia,OH 127.8+0.0,, 01h 33m 51.21s,+62° 26′ 53.2″,,
Cassiopeia,W3 IRS 5,, 02h 25m 40.54s,+62° 05′ 51.4″,,
Cassiopeia,IRAS 00338+6312,, 00h 36m 47.5s,+63° 29′ 02″,,
Orion,Rigel,24436, 05h 14m 32.27s,−08° 12′ 05.9″,0.18,
Orion,Betelgeuse,27989, 05h 55m 10.29s,+07° 24′ 25.3″,0.42,−6.69
Orion,Bellatrix,25336, 05h 25m 07.87s,+06° 20′ 59.0″,1.64,−6.02
Orion,Alnilam,26311, 05h 36m 12.81s,−01° 12′ 06.9″,1.69,−2.72
Orion,Alnitak A,26727, 05h 40m 45.52s,−01° 56′ 33.3″,1.88,−6.38
Orion,Saiph,27366, 05h 47m 45.39s,−09° 40′ 10.6″,2.07,-6
Orion,Mintaka AB,25930, 05h 32m 00.40s,−00° 17′ 56.7″,2.2,−4.65
Orion,ι Ori,26241, 05h 35m 25.98s,−05° 54′ 35.6″,2.75,-5.8
Orion,π3 Ori,22449, 04h 49m 50.14s,+06° 57′ 40.5″,3.19,−5.30
Orion,η Ori,25281, 05h 24m 28.62s,−02° 23′ 49.7″,3.35,3.67
Orion,Meissa A,26207, 05h 35m 08.28s,+09° 56′ 03.0″,3.47,−3.86
Orion,τ Ori,24674, 05h 17m 36.40s,−06° 50′ 39.8″,3.59,-4.25
Orion,π4 Ori,22549, 04h 51m 12.37s,+05° 36′ 18.4″,3.68,−2.56
Orion,Alnitak B,26727, 05h 40m 45.60s,−01° 56′ 34.0″,3.7,−4.25
Orion,π5 Ori,22797, 04h 54m 15.10s,+02° 26′ 26.4″,3.71,-3.29
Orion,σ Ori AB,26549, 05h 38m 44.77s,−02° 36′ 00.2″,3.77,−4.36
Orion,ο2 Ori,22957, 04h 56m 22.32s,+13° 30′ 52.5″,4.06,−3.96
Orion,φ2 Ori,26366, 05h 36m 54.33s,+09° 17′ 29.1″,4.09,0.48
Orion,μ Ori,28614, 06h 02m 22.99s,+09° 38′ 50.5″,4.12,1.33
Orion,29 Ori,25247, 05h 23m 56.84s,−07° 48′ 28.6″,4.13,0.78
Orion,32 Ori,25813, 05h 30m 47.05s,+05° 56′ 53.6″,4.2,0.49
Orion,π2 Ori,22509, 04h 50m 36.72s,+08° 54′ 00.9″,4.35,−0.53
Orion,φ1 Ori,26176, 05h 34m 49.24s,+09° 29′ 22.5″,4.39,0.48
Orion,χ1 Ori,27913, 05h 54m 23.08s,+20° 16′ 35.1″,4.39,−3.01
Orion,ν Ori,29038, 06h 07m 34.32s,+14° 46′ 06.7″,4.42,4.67
Orion,ξ Ori,29426, 06h 11m 56.40s,+14° 12′ 31.7″,4.45,−1.65
Orion,ρ Ori,24331, 05h 13m 17.48s,+02° 51′ 40.5″,4.46,−2.00
Orion,π6 Ori,23123, 04h 58m 32.90s,+01° 42′ 50.5″,4.47,−0.65
Orion,ω Ori,26594, 05h 39m 11.15s,+04° 07′ 17.3″,4.5,−2.86
Orion,HD 40657,28413, 06h 00m 03.35s,−03° 04′ 26.7″,4.53,−3.98
Orion,42 Ori,26237, 05h 35m 23.16s,−04° 50′ 18.0″,4.58,−1.02
Orion,ψ2 Ori,25473, 05h 26m 50.23s,+03° 05′ 44.4″,4.59,−2.33
Orion,υ Ori,25923, 05h 31m 55.86s,−07° 18′ 05.5″,4.62,−3.60
Orion,π1 Ori,22845, 04h 54m 53.70s,+10° 09′ 04.1″,4.64,−3.76
Orion,χ2 Ori,28716, 06h 03m 55.18s,+20° 08′ 18.5″,4.64,1.8
Orion,11 Ori,23607, 05h 04m 34.14s,+15° 24′ 15.1″,4.65,-7.6
Orion,ο1 Ori,22667, 04h 52m 31.96s,+14° 15′ 02.8″,4.71,−0.79
Orion,31 Ori,25737, 05h 29m 43.98s,−01° 05′ 31.8″,4.71,−1.39
Orion,22 Ori,25044, 05h 21m 45.75s,−00° 22′ 56.9″,4.72,−1.02
Orion,56 Ori,27750, 05h 52m 26.44s,+01° 51′ 18.6″,4.76,−3.26
Orion,49 Ori,26563, 05h 38m 53.09s,−07° 12′ 45.8″,4.77,−2.91
Orion,HD 36960,26199, 05h 35m 02.68s,−06° 00′ 07.3″,4.78,1.41
Orion,15 Ori,24010, 05h 09m 41.96s,+15° 35′ 50.2″,4.81,−4.00
Orion,ψ1 Ori,25302, 05h 24m 44.83s,+01° 50′ 47.2″,4.89,−0.14
Orion,51 Ori,26885, 05h 42m 28.66s,+01° 28′ 28.8″,4.9,−2.77
Orion,HD 44131,30093, 06h 19m 59.60s,−02° 56′ 40.2″,4.91,0.07
Orion,HD 37756,26736, 05h 40m 50.72s,−01° 07′ 43.6″,4.95,−1.05
Orion,69 Ori,29434, 06h 12m 03.28s,+16° 07′ 49.6″,4.95,−4.08
Orion,θ2 Ori A,26235, 05h 35m 22.90s,−05° 24′ 57.8″,4.98,−1.93
Orion,23 Ori,25142, 05h 22m 50.00s,+03° 32′ 40.0″,5,−3.84
Orion,74 Ori,29800, 06h 16m 26.57s,+12° 16′ 18.2″,5.04,−2.35
Orion,27 Ori,25282, 05h 24m 28.91s,−00° 53′ 30.0″,5.07,3.58
Orion,θ1 Ori C,26221, 05h 35m 16.47s,−05° 23′ 22.9″,5.13,1.46
Orion,64 Ori,28691, 06h 03m 27.36s,+19° 41′ 26.2″,5.14,-4.9
Orion,6 Ori,22833, 04h 54m 46.91s,+11° 25′ 33.5″,5.18,−2.44
Orion,HD 33554,24197, 05h 11m 41.56s,+16° 02′ 44.4″,5.18,0.84
Orion,71 Ori,29650, 06h 14m 50.94s,+19° 09′ 24.8″,5.2,0.21
Orion,60 Ori,28296, 05h 58m 49.58s,+00° 33′ 10.7″,5.21,3.58
Orion,45 Ori,26268, 05h 35m 39.49s,−04° 51′ 21.9″,5.24,−0.05
Orion,52 Ori,27386, 05h 48m 00.23s,+06° 27′ 15.2″,5.26,−0.04
Orion,38 Ori,26126, 05h 34m 16.79s,+03° 46′ 01.0″,5.32,−0.58
Orion,5 Ori,22730, 04h 53m 22.76s,+02° 30′ 29.8″,5.33,0.2
Orion,HD 31296,22834, 04h 54m 47.79s,+07° 46′ 45.0″,5.33,−1.13
Orion,14 Ori,23879, 05h 07m 52.87s,+08° 29′ 54.9″,5.33,−0.33
Orion,21 Ori,24817, 05h 19m 11.23s,+02° 35′ 45.4″,5.34,1.46
Orion,HD 36591,25980, 05h 32m 41.35s,−01° 35′ 30.6″,5.34,1.42
Orion,72 Ori,29704, 06h 15m 25.13s,+16° 08′ 35.5″,5.34,−4.14
Orion,HD 30210,22157, 04h 46m 01.70s,+11° 42′ 20.2″,5.35,−0.50
Orion,VV Ori,26063, 05h 33m 31.45s,−01° 09′ 21.9″,5.36,0.79
Orion,55 Ori,27658, 05h 51m 21.98s,−07° 31′ 04.8″,5.36,−3.41
Orion,HD 30034,22044, 04h 44m 25.77s,+11° 08′ 46.2″,5.39,−3.20
Orion,75 Ori,29850, 06h 17m 06.62s,+09° 56′ 33.1″,5.39,1.97
Orion,U Ori,28041, 05h 55m 49.30s,+20° 10′ 30.0″,5.4,0.93
Orion,16 Ori,23983, 05h 09m 19.60s,+09° 49′ 46.6″,5.43,
Orion,73 Ori,29736, 06h 15m 44.97s,+12° 33′ 03.9″,5.44,1.77
Orion,33 Ori,25861, 05h 31m 14.53s,+03° 17′ 31.7″,5.46,−2.72
Orion,HD 34043,24450, 05h 14m 44.05s,+05° 09′ 22.1″,5.5,−2.95
Orion,18 Ori,24555, 05h 16m 04.14s,+11° 20′ 28.9″,5.52,−0.82
Orion,HD 35536,25329, 05h 25m 01.74s,−10° 19′ 43.8″,5.6,0.26
Orion,35 Ori,26093, 05h 33m 54.29s,+14° 18′ 20.1″,5.6,−0.85
Orion,HD 36881,26215, 05h 35m 13.24s,+10° 14′ 24.4″,5.6,−0.39
Orion,Meissa B,26207, 05h 35m 08.50s,+09° 56′ 06.0″,5.61,−2.66
Orion,HD 43318,29716, 06h 15m 34.36s,−00° 30′ 42.0″,5.62,-1.94
Orion,66 Ori,28814, 06h 04m 58.36s,+04° 09′ 31.2″,5.63,2.86
Orion,HD 36959,26197, 05h 35m 01.01s,−06° 00′ 33.4″,5.67,−3.78
Orion,63 Ori,28812, 06h 04m 58.19s,+05° 25′ 11.9″,5.67,
Orion,HD 44033,30099, 06h 20m 04.23s,+14° 39′ 04.2″,5.67,−1.97
Orion,HD 35007,25028, 05h 21m 31.84s,−00° 24′ 59.4″,5.68,−0.46
Orion,HD 35299,25223, 05h 23m 42.31s,−00° 09′ 35.3″,5.69,−1.91
Orion,HD 40369,28302, 05h 58m 53.24s,+12° 48′ 29.7″,5.7,−1.28
Orion,HD 42111,29151, 06h 08m 57.90s,+02° 29′ 59.0″,5.7,−1.35
Orion,HD 43587,29860, 06h 17m 16.25s,+05° 05′ 58.9″,5.7,−0.66
Orion,HD 37209,26345, 05h 36m 35.69s,−06° 03′ 53.1″,5.71,4.27
Orion,68 Ori,29433, 06h 12m 01.34s,+19° 47′ 26.1″,5.76,−3.14
Orion,HD 36166,25751, 05h 29m 54.77s,+01° 47′ 21.3″,5.77,−1.61
Orion,HD 34989,25041, 05h 21m 43.56s,+08° 25′ 42.8″,5.78,−2.16
Orion,HD 38527,27280, 05h 46m 52.15s,+09° 31′ 21.0″,5.78,−0.99
Orion,HD 31373,22913, 04h 55m 50.16s,+15° 02′ 25.1″,5.79,0.96
Orion,HD 39007,27549, 05h 50m 02.68s,+09° 52′ 16.4″,5.79,0.23
Orion,HD 36134,25708, 05h 29m 23.70s,−03° 26′ 46.9″,5.8,0.74
Orion,HD 43023,29575, 06h 13m 54.24s,−03° 44′ 29.1″,5.83,0.02
Orion,HD 42954,29616, 06h 14m 28.58s,+17° 54′ 23.0″,5.86,0.91
Orion,HD 37320,26487, 05h 38m 01.11s,+07° 32′ 29.2″,5.87,0.15
Orion,HD 39910,28011, 05h 55m 30.16s,−04° 36′ 59.4″,5.87,−0.29
Orion,HD 33646,24203, 05h 11m 45.35s,+01° 02′ 13.4″,5.88,1.02
Orion,HD 33608,24162, 05h 11m 19.13s,−02° 29′ 26.8″,5.89,−1.36
Orion,HD 40020,28139, 05h 56m 49.39s,+11° 31′ 16.3″,5.89,2.97
Orion,59 Ori,28271, 05h 58m 24.44s,+01° 50′ 13.7″,5.89,1.02
Orion,HD 33833,24294, 05h 12m 48.12s,−06° 03′ 25.6″,5.9,0.72
Orion,HD 32263,23408, 05h 01m 50.35s,+00° 43′ 19.8″,5.91,0.22
Orion,HD 43112,29678, 06h 15m 08.46s,+13° 51′ 03.9″,5.91,−0.01
Orion,HD 36780,26108, 05h 34m 04.06s,−01° 28′ 12.7″,5.92,−2.21
Orion,57 Ori,27965, 05h 54m 56.69s,+19° 44′ 58.6″,5.92,−1.14
Orion,HD 36162,25790, 05h 30m 26.17s,+15° 21′ 38.0″,5.93,−2.25
Orion,HD 37788,26762, 05h 41m 05.59s,+00° 20′ 15.7″,5.93,0.81
Orion,HD 38529,27253, 05h 46m 34.96s,+01° 10′ 06.7″,5.94,2.38
Orion,HD 39421,27713, 05h 52m 07.73s,−09° 02′ 31.1″,5.95,2.8
Orion,HD 37481,26535, 05h 38m 37.97s,−06° 34′ 26.2″,5.96,0.62
Orion,HD 39051,27560, 05h 50m 13.06s,+04° 25′ 24.6″,5.96,−2.45
Orion,HD 39286,27747, 05h 52m 23.41s,+19° 52′ 04.3″,5.96,0
Orion,HD 37171,26386, 05h 37m 04.35s,+11° 02′ 06.2″,5.97,−2.16
Orion,HD 38089,26926, 05h 42m 53.91s,−06° 47′ 46.7″,5.97,−1.04
Orion,HD 38858,27435, 05h 48m 34.90s,−04° 05′ 38.7″,5.97,2.47
Orion,HD 39118,27588, 05h 50m 30.03s,+02° 01′ 29.0″,5.97,5.01
Orion,HD 39885,28110, 05h 56m 28.04s,+09° 30′ 33.9″,5.97,−1.73
Orion,HD 31331,22840, 04h 54m 50.71s,+00° 28′ 01.8″,5.98,−0.68
Orion,HD 35281,25187, 05h 23m 18.51s,−08° 24′ 56.1″,5.99,−1.38
Orion,HD 37594,26624, 05h 39m 31.15s,−03° 33′ 53.0″,5.99,0.09
Orion,HD 39775,27939, 05h 54m 44.04s,+00° 58′ 07.0″,5.99,2.91
Orion,HD 44497,30318, 06h 22m 36.42s,+12° 34′ 13.1″,6,−1.03
Orion,HD 37303,26427, 05h 37m 27.36s,−05° 56′ 18.2″,6.03,2
Orion,HD 30545,22354, 04h 48m 44.63s,+03° 35′ 18.8″,6.04,−2.07
Orion,HD 32686,23643, 05h 04m 54.53s,−03° 02′ 22.8″,6.04,−0.64
Orion,V1031 Ori,27341, 05h 47m 26.90s,−10° 31′ 58.5″,6.04,−3.83
Orion,HD 42477,29371, 06h 11m 27.91s,+13° 38′ 19.0″,6.04,−0.47
Orion,HD 43285,29728, 06h 15m 40.18s,+06° 03′ 58.3″,6.07,0.44
Orion,HD 33883,24349, 05h 13m 31.55s,+01° 58′ 03.7″,6.08,−0.72
Orion,HD 38309,27118, 05h 45m 01.80s,+04° 00′ 29.5″,6.09,−1.07
Orion,HD 41076,28686, 06h 03m 24.77s,+11° 40′ 51.9″,6.09,2.57
Orion,W Ori,23680, 05h 05m 23.71s,+01° 10′ 39.5″,6.1,0.25
Orion,HD 30870,22597, 04h 51m 43.38s,+09° 58′ 30.3″,6.11,−0.56
Orion,HD 33419,24041, 05h 10m 03.26s,−00° 33′ 54.7″,6.11,−0.56
Orion,HD 37232,26414, 05h 37m 19.31s,+08° 57′ 06.8″,6.11,1.19
Orion,HD 43683,29931, 06h 18m 05.61s,+14° 22′ 58.3″,6.12,−1.01
Orion,HD 35317,25240, 05h 23m 51.33s,−00° 51′ 59.8″,6.13,−0.33
Orion,HD 39632,27900, 05h 54m 13.35s,+10° 35′ 11.1″,6.13,2.31
Orion,HD 31764,23161, 04h 58m 59.41s,+14° 32′ 35.7″,6.14,−2.15
Orion,13 Ori,23852, 05h 07m 38.32s,+09° 28′ 21.8″,6.15,−0.43
Orion,HD 34180,24493, 05h 15m 18.52s,−01° 24′ 32.6″,6.15,3.89
Orion,HD 36558,25976, 05h 32m 37.97s,+00° 00′ 43.1″,6.15,2.84
Orion,HD 37356,26477, 05h 37m 53.39s,−04° 48′ 50.5″,6.16,−2.16
Orion,HD 35588,25378, 05h 25m 47.02s,+00° 31′ 12.9″,6.18,−1.52
Orion,HD 35693,25502, 05h 27m 13.90s,+15° 15′ 27.6″,6.18,−2.25
Orion,CK Ori,25785, 05h 30m 19.91s,+04° 12′ 17.5″,6.21,0.43
Orion,HD 40347,28252, 05h 58m 11.70s,−00° 59′ 38.3″,6.21,−0.02
Orion,HD 37744,26713, 05h 40m 37.29s,−02° 49′ 30.9″,6.22,0.77
Orion,HD 40282,28232, 05h 57m 54.51s,+01° 13′ 27.5″,6.22,−2.34
Orion,HD 36430,25869, 05h 31m 20.89s,−06° 42′ 30.2″,6.23,0.21
Orion,HD 33555,24130, 05h 10m 57.97s,−02° 15′ 13.5″,6.24,−2.43
Orion,HD 35640,25401, 05h 26m 02.36s,−05° 31′ 06.6″,6.24,2.82
Orion,HD 36779,26106, 05h 34m 03.89s,−01° 02′ 08.6″,6.24,−0.31
Orion,HD 37016,26234, 05h 35m 22.32s,−04° 25′ 27.6″,6.24,−1.66
Orion,HD 38495,27212, 05h 46m 02.86s,−04° 16′ 05.9″,6.24,−1.46
Orion,HD 43821,29982, 06h 18m 40.35s,+09° 02′ 50.2″,6.24,0.96
Orion,HD 31623,23041, 04h 57m 17.21s,−01° 04′ 01.9″,6.25,1.11
Orion,HD 36840,26149, 05h 34m 29.29s,−00° 00′ 44.4″,6.25,1.63
Orion,HD 39927,28019, 05h 55m 35.38s,−04° 47′ 18.7″,6.28,−1.63
Orion,HD 30869,22607, 04h 51m 49.92s,+13° 39′ 18.7″,6.3,1.32
Orion,HD 39685,27902, 05h 54m 15.72s,+03° 13′ 32.8″,6.3,3.19
Orion,BL Ori,30564, 06h 25m 28.18s,+14° 43′ 19.2″,6.3,0.16
Orion,HD 32115,23296, 05h 00m 39.82s,−02° 03′ 57.7″,6.31,−1.70
Orion,V1197 Ori,26953, 05h 43m 09.32s,−01° 36′ 47.4″,6.31,2.83
Orion,HD 43819,30019, 06h 19m 01.85s,+17° 19′ 31.0″,6.32,−0.28
Orion,HD 30321,22189, 04h 46m 24.15s,−02° 57′ 15.8″,6.33,−0.11
Orion,HD 33946,24377, 05h 13m 47.25s,+00° 33′ 37.7″,6.33,1.68
Orion,HD 34648,24847, 05h 19m 35.28s,−01° 24′ 42.8″,6.33,−0.70
Orion,HD 35407,25288, 05h 24m 36.10s,+02° 21′ 11.4″,6.33,−2.45
Orion,HD 36285,25786, 05h 30m 20.75s,−07° 26′ 05.3″,6.33,−1.55
Orion,HD 31739,23092, 04h 58m 10.90s,−02° 12′ 46.0″,6.34,−1.53
Orion,V1649 Ori,25205, 05h 23m 31.08s,+05° 19′ 23.0″,6.34,0.62
Orion,HD 35909,25638, 05h 28m 34.77s,+13° 40′ 44.5″,6.35,1.96
Orion,HD 44867,30517, 06h 24m 52.76s,+16° 03′ 26.0″,6.35,1.38
Orion,HD 35775,25505, 05h 27m 15.40s,+02° 20′ 28.3″,6.36,0.99
Orion,HD 42351,29326, 06h 11m 01.77s,+18° 07′ 49.7″,6.37,0.78
Orion,HD 43358,29746, 06h 15m 53.98s,+01° 10′ 08.4″,6.37,−3.18
Orion,HD 36058,25667, 05h 28m 56.91s,−03° 18′ 26.7″,6.39,1.53
Orion,θ2 Ori B,, 05h 35m 26.40s,−05° 25′ 00.7″,6.38,−0.45
Orion,HD 43335,29798, 06h 16m 23.79s,+17° 10′ 53.9″,6.39,
Orion,HD 34880,24925, 05h 20m 26.41s,−05° 22′ 03.1″,6.4,−0.35
Orion,V1377 Ori,26263, 05h 35m 35.90s,−03° 15′ 10.2″,6.4,−0.19
Orion,HD 35656,25453, 05h 26m 38.82s,+06° 52′ 07.5″,6.41,−3.12
Orion,HD 35912,25582, 05h 28m 01.47s,+01° 17′ 53.7″,6.41,1.55
Orion,HD 37904,26820, 05h 41m 40.31s,−02° 53′ 47.5″,6.41,−1.35
Orion,HD 31423,22938, 04h 56m 09.02s,+07° 54′ 17.3″,6.42,1.8
Orion,HD 34317,24607, 05h 16m 41.05s,+01° 56′ 50.4″,6.42,2.57
Orion,HD 34878,24960, 05h 20m 43.74s,+02° 32′ 41.0″,6.43,0.07
Orion,V1357 Ori,29525, 06h 13m 12.46s,+10° 37′ 40.3″,6.44,0.91
Orion,HD 35575,25368, 05h 25m 36.50s,−01° 29′ 28.7″,6.44,5.15
Orion,HD 32273,23419, 05h 02m 00.03s,+01° 36′ 31.8″,6.45,−0.49
Orion,HD 36814,26104, 05h 34m 02.48s,−07° 01′ 25.1″,6.45,0.49
Orion,V1389 Ori,29509, 06h 12m 59.57s,+06° 00′ 58.6″,6.45,0
Orion,HD 37808,26728, 05h 40m 46.19s,−10° 24′ 31.2″,6.46,−0.24
Orion,V1369 Ori,25011, 05h 21m 19.31s,+04° 00′ 43.1″,6.49,0.38
Orion,HD 36150,25732, 05h 29m 41.59s,−00° 48′ 08.7″,6.49,−1.42
Orion,HD 37635,26623, 05h 39m 30.84s,−09° 42′ 23.8″,6.49,1.09
Orion,HD 31411,22923, 04h 55m 58.36s,+05° 23′ 56.6″,6.5,0.29
Orion,HD 37150,26314, 05h 36m 15.03s,−05° 38′ 52.5″,6.51,0.62
Orion,HD 37808,26728, 05h 40m 46.19s,−10° 24′ 31.19″,6.52,
Orion,HD 37017,26233, 05h 35m 21.87s,−04° 29′ 39.02″,6.56,
Orion,σ Ori E,, 05h 38m 47.19s,−02° 35′ 40.5″,6.61,
Orion,HD 43317,29739, 06h 15m 47.01s,+04° 17′ 01.1″,6.62,
Orion,σ Ori D,, 05h 38m 45.62s,−02° 35′ 58.9″,6.62,
Orion,θ1 Ori D,26224, 05h 35m 17.20s,−05° 23′ 15.7″,6.71,
Orion,θ1 Ori A,26220, 05h 35m 15.82s,−05° 23′ 14.3″,6.73,
Orion,HD 35155,25092, 05h 22m 18.64s,−08° 35′ 58.0″,6.77,
Orion,Mintaka C,25930, 05h 32m 00.50s,−00° 17′ 04.0″,6.83,
Orion,HD 42618,29432, 06h 12m 01.0s,+06° 46′ 59″,6.84,
Orion,KX Ori,, 05h 35m 04.79s,−04° 43′ 54.6″,6.9,
Orion,Gliese 205,25878, 05h 31m 27.50s,−03° 40′ 38.0″,6.97,
Orion,V901 Ori,26742, 05h 40m 56.37s,−01° 30′ 25.9″,6.97,
Orion,HD 33636,24205, 05h 11m 46.45s,+04° 24′ 12.7″,7.06,
Orion,HD 31253,22826, 04h 54m 44s,+12° 21′ 08″,7.13,
Orion,S Ori,25673, 05h 29m 00.89s,−04° 41′ 32.8″,7.2,
Orion,HD 37824,26795, 05h 41m 26.79s,+03° 46′ 40.9″,7.2,
Orion,HD 34137,24482, 05h 15m 11.87s,+01° 33′ 22.14″,7.24,
Orion,HD 37058,, 05h 35m 33.36s,−04° 50′ 15.2″,7.3,−0.34
Orion,HD 34445,24681, 05h 17m 40.98s,+07° 21′ 12.0″,7.31,
Orion,HD 37151,26304, 05h 36m 06.23s,−07° 43′ 27.3″,7.37,3.97
Orion,V1192 Ori,23245, 05h 00m 08.22s,+03° 17′ 12.0″,7.5,
Orion,HD 36629,26000, 05h 32m 57.08s,−04° 34′ 59.3″,7.65,
Orion,HD 37903,26816, 05h 41m 38.39s,−02° 15′ 32.5″,7.83,
Orion,HD 35298,25235, 05h 23m 50.36s,+02° 04′ 55.8″,7.89,
Orion,HD 37806,26752, 05h 41m 02.29s,−02° 43′ 00.7″,7.9,
Orion,θ1 Ori B,, 05h 35m 16.10s,−05° 23′ 07.0″,7.96,
Orion,V372 Ori,, 05h 34m 46.98s,−05° 34′ 14.59″,8.03,
Orion,HD 36668,26048, 05h 33m 26.06s,+00° 37′ 16.9″,8.06,
Orion,HD 38801,27384, 05h 47m 59.18s,−08° 19′ 39.7″,8.26,
Orion,HD 39392,27828, 05h 53m 19.0s,+22° 04′ 20″,8.38,3.47
Orion,RS Ori,30286, 06h 22m 13.19s,+14° 40′ 41.3″,8.42,
Orion,σ Ori C,, 05h 38m 44.12s,−02° 36′ 06.3″,8.79,
Orion,HD 37605,26664, 05h 40m 01.73s,+06° 03′ 38.1″,8.69,
Orion,V351 Ori,27059, 05h 44m 18.79s,+00° 08′ 40.4″,8.87,5.53
Orion,V2689 Ori,26335, 05h 36m 30.99s,+11° 19′ 40.32″,8.9,
Orion,HD 290327,25191, 05h 23m 21.56s,−02° 16′ 39.4″,8.96,
Orion,DN Ori,28456, 06h 00m 28.35s,+10° 13′ 05.0″,9.15,5.26
Orion,V1355 Ori,, 06h 02m 40.36s,−00° 51′ 37.3″,9.19,
Orion,FT Ori,, 06h 13m 58.15s,+21° 25′ 39.2″,9.29,
Orion,ER Ori,24156, 05h 11m 14.51s,−08° 33′ 24.7″,9.46,
Orion,HD 250550,28582, 06h 01m 59.99s,+16° 30′ 56.7″,9.48,
Orion,UX Ori,23602, 05h 04m 29.99s,−03° 47′ 14.3″,9.48,
Orion,EY Ori,25863, 05h 31m 18.41s,−05° 42′ 13.5″,9.49,
Orion,BN Ori,, 05h 36m 29.35s,+06° 50′ 02.2″,9.6,
Orion,FU Ori,, 05h 45m 22.36s,+09° 04′ 12.4″,9.6,
Orion,BF Ori,26403, 05h 37m 13.26s,−06° 35′ 00.6″,9.69,
Orion,Gliese 221,27803, 05h 53m 00.28s,−05° 59′ 41.4″,9.69,
Orion,V586 Ori,, 05h 36m 59.25s,−06° 09′ 16.4″,9.77,
Orion,HD 37411,, 05h 38m 14.51s,−05° 25′ 13.3″,9.79,
Orion,BD +03 740,23344, 05h 01m 16.62s,+04° 06′ 37.0″,9.81,
Orion,HD 34282,24552, 05h 16m 00.48s,−09° 48′ 35.4″,9.84,
Orion,EW Ori,, 05h 20m 09.15s,+02° 02′ 40.0″,9.9,
Orion,V1162 Ori,, 05h 32m 01.99s,−07° 15′ 24.6″,9.9,
Orion,Z Ori,28045, 05h 55m 50.93s,+13° 41′ 42.0″,9.98,
Orion,GW Ori,25689, 05h 29m 08.39s,+11° 52′ 12.7″,10.1,
Orion,WASP-82,, 04h 50m 39.0s,+01° 53′ 38″,10.1,
Orion,V1005 Ori,23200, 04h 59m 34.83s,+01° 47′ 00.7″,10.11,
Orion,V346 Ori,25299, 05h 24m 42.80s,+01° 43′ 48.3″,10.17,
Orion,CO Ori,25540, 05h 27m 38.34s,+11° 25′ 39.0″,10.3,
Orion,FZ Ori,, 05h 41m 21.01s,+02° 36′ 23.0″,10.7,
Orion,V380 Ori,26327, 05h 36m 25.43s,−06° 52′ 57.7″,10.7,
Orion,GG Ori,, 05h 43m 10.22s,−00° 41′ 14.9″,,
Orion,HK Ori,, 05h 31m 28.05s,+12° 09′ 10.3″,11.2,
Orion,T Ori,, 05h 35m 50.44s,−05° 28′ 34.9″,11.25,
Orion,DY Ori,, 06h 06m 14.91s,+13° 54′ 19.1″,11.29,
Orion,LkHα 208,, 06h 07m 49.54s,+18° 39′ 26.5″,11.3,
Orion,GJ 3379,, 06h 00m 03.50s,+02° 42′ 23.7″,11.31,
Orion,FH Ori,, 05h 23m 18.62s,+04° 15′ 38.2″,11.37,
Orion,θ1 Ori E,, 05h 35m 15.77s,−05° 23′ 10.02″,11.4,
Orion,V371 Ori,26081, 05h 33m 44.81s,+01° 56′ 43.4″,11.5,
Orion,Ross 87,26857, 05h 42m 09.27s,+12° 29′ 21.6″,11.51,
Orion,Gliese 179,22627, 04h 52m 05.73s,+06° 28′ 35.5″,11.96,
Orion,GP Ori,, 05h 02m 48.07s,+15° 19′ 12.6″,12.2,7.41
Orion,RX J0529.4+0041,, 05h 29m 20.65s,+00° 41′ 28.0″,12.3,
Orion,GU Ori,, 06h 10m 04.62s,+12° 49′ 46.6″,,
Orion,YY Ori,, 05h 34m 47.53s,−05° 57′ 56.9″,13.2,
Orion,LV 2,, 05h 35m 16.72s,−05° 23′ 16.6″,13.68,
Orion,G 99-47,, 05h 56m 25.47s,+05° 21′ 48.6″,14.1,
Orion,V1118 Ori,, 05h 34m 44.75s,−05° 33′ 42.2″,14.43,
Orion,LP 658-2,, 05h 55m 09.49s,−04° 10′ 04.3″,14.45,
Orion,G 99-37,, 05h 51m 19.48s,−00° 10′ 21.3″,14.6,
Orion,V1159 Ori,, 05h 28m 59.57s,−03° 33′ 52.3″,,
Orion,VY Ori,, 05h 33m 35.89s,−05° 01′ 32.49″,14.9,
Orion,V1309 Ori,, 05h 15m 41.41s,+01° 04′ 40.5″,15.2,
Orion,CN Ori,, 05h 52m 07.79s,−05° 25′ 00.5″,16.2,
Orion,CZ Ori,, 06h 16m 43.23s,+15° 24′ 11.3″,17.6,
Orion,V1647 Ori,, 05h 46m 13.14s,−00° 06′ 04.8″,18.1,
Orion,4U 0614+091,, 06h 17m 07.3s,+09° 08′ 13″,18.5,
Orion,Becklin–Neugebauer Object,, 05h 35m 14.11s,−05° 22′ 22.7″,,
Orion,2MASS J05352184-0546085,, 05h 35m 21.84s,−05° 46′ 08.6″,,
Orion,OMC-2 FIR 4,, 05h 35m 26.97s,−05° 09′ 54.5″,,
Orion,Orion Source I,, 05h 35m 14.51s,−05° 22′ 30.4″,,
Orion,Reipurth 50,, 05h 40m 27.45s,−07° 27′ 30.1″,,
Orion,S Ori 70,, 05h 38m 10.10s,−02° 26′ 26.0″,,
Orion,WISE J0521+1025,, 05h 21m 26.30s,+10° 25′ 28.5″,16,
Orion,TNJ235,, 06h 10m 06s,,,
Perseus ,α Per,15863, 03h 24m 19.35s,+49° 51′ 40.5″,1.79,
Perseus ,Algol,14576, 03h 08m 10.13s,+40° 57′ 20.3″,2.09,−4.50
Perseus ,ζ Per,18246, 03h 54m 07.92s,+31° 53′ 01.2″,2.84,−0.18
Perseus ,ε Per,18532, 03h 57m 51.22s,+40° 00′ 37.0″,2.9,−4.55
Perseus ,γ Per A,14328, 03h 04m 47.79s,+53° 30′ 23.2″,2.91,−3.19
Perseus ,γ Per B,, 03h 04m 44.10s,+53° 31′ 10.0″,3,−1.57
Perseus ,δ Per,17358, 03h 42m 55.48s,+47° 47′ 15.6″,3.01,
Perseus ,ρ Per,14354, 03h 05m 10.50s,+38° 50′ 25.9″,3.32,−3.04
Perseus ,η Per,13268, 02h 50m 41.79s,+55° 53′ 43.9″,3.77,−1.67
Perseus ,ν Per,17529, 03h 45m 11.64s,+42° 34′ 42.8″,3.77,−4.28
Perseus ,κ Per,14668, 03h 09m 29.63s,+44° 51′ 28.4″,3.79,−2.39
Perseus ,ο Per,17448, 03h 44m 19.13s,+32° 17′ 17.8″,3.84,1.11
Perseus ,τ Per A,13531, 02h 54m 15.46s,+52° 45′ 45.0″,3.93,−4.44
Perseus ,48 Per,19343, 04h 08m 39.67s,+47° 42′ 45.3″,3.96,−0.48
Perseus ,ξ Per,18614, 03h 58m 57.90s,+35° 47′ 27.7″,3.98,−2.19
Perseus ,τ Per B,, 02h 54m 20.80s,+52° 45′ 30.0″,4,−4.70
Perseus ,φ Per,8068, 01h 43m 39.62s,+50° 41′ 19.6″,4.01,
Perseus ,ι Per,14632, 03h 09m 02.88s,+49° 36′ 48.6″,4.05,−2.70
Perseus ,θ Per,12777, 02h 44m 11.69s,+49° 13′ 43.2″,4.1,3.94
Perseus ,μ Per,19812, 04h 14m 53.86s,+48° 24′ 33.7″,4.12,3.85
Perseus ,16 Per,13254, 02h 50m 34.91s,+38° 19′ 08.1″,4.22,−2.61
Perseus ,λ Per,19167, 04h 06m 35.06s,+50° 21′ 04.9″,4.25,1.26
Perseus ,58 Per,21476, 04h 36m 41.43s,+41° 15′ 53.5″,4.25,−0.88
Perseus ,ψ Per,16826, 03h 36m 29.36s,+48° 11′ 33.7″,4.32,−2.22
Perseus ,σ Per,16335, 03h 30m 34.48s,+47° 59′ 42.6″,4.36,−2.34
Perseus ,17 Per,13328, 02h 51m 30.83s,+35° 03′ 35.6″,4.56,−0.81
Perseus ,HD 26961,20070, 04h 18m 14.58s,+50° 17′ 44.3″,4.6,−0.93
Perseus ,ω Per,14817, 03h 11m 17.40s,+39° 36′ 41.7″,4.61,−0.35
Perseus ,34 Per,16244, 03h 29m 22.03s,+49° 30′ 32.5″,4.67,−0.25
Perseus ,52 Per,19811, 04h 14m 53.31s,+40° 29′ 01.4″,4.67,−1.50
Perseus ,π Per,13879, 02h 58m 45.65s,+39° 39′ 46.2″,4.68,−1.75
Perseus ,HD 18970,14382, 03h 05m 32.43s,+56° 42′ 20.0″,4.77,−0.32
Perseus ,53 Per,20354, 04h 21m 33.15s,+46° 29′ 56.3″,4.8,0.78
Perseus ,HD 20468,15416, 03h 18m 43.82s,+34° 13′ 21.6″,4.85,−0.97
Perseus ,1 Aur,22453, 04h 49m 54.67s,+37° 29′ 17.5″,4.89,−3.43
Perseus ,12 Per,12623, 02h 42m 14.93s,+40° 11′ 39.8″,4.91,−1.16
Perseus ,54 Per,20252, 04h 20m 24.66s,+34° 34′ 00.3″,4.93,2.95
Perseus ,24 Per,13905, 02h 59m 03.71s,+35° 10′ 59.2″,4.94,0.72
Perseus ,32 Per,15648, 03h 21m 26.61s,+43° 19′ 46.7″,4.96,−0.22
Perseus ,40 Per,17313, 03h 42m 22.64s,+33° 57′ 54.1″,4.97,1.57
Perseus ,4 Per,9505, 02h 02m 18.07s,+54° 29′ 15.2″,4.99,−2.29
Perseus ,HD 21278,16147, 03h 28m 03.05s,+49° 03′ 46.6″,4.99,−1.79
Perseus ,,15219, 03h 16m 12.20s,+50° 56′ 15.8″,5.04,−1.22
Perseus ,31 Per,15444, 03h 19m 07.62s,+50° 05′ 42.1″,5.05,−2.00
Perseus ,21 Per,13775, 02h 57m 17.28s,+31° 56′ 03.5″,5.1,−0.79
Perseus ,42 Per,17886, 03h 49m 32.70s,+33° 05′ 29.0″,5.14,−0.27
Perseus ,9 Per,11060, 02h 22m 21.43s,+55° 50′ 44.4″,5.16,0.34
Perseus ,29 Per,15404, 03h 18m 37.72s,+50° 13′ 20.0″,5.16,−3.83
Perseus ,,14043, 03h 00m 52.18s,+52° 21′ 06.5″,5.24,−0.89
Perseus ,43 Per,18453, 03h 56m 36.44s,+50° 41′ 44.5″,5.28,−1.70
Perseus ,,20704, 04h 26m 06.26s,+31° 26′ 21.1″,5.29,2.23
Perseus ,36 Per,16499, 03h 32m 26.30s,+46° 03′ 25.4″,5.3,0.93
Perseus ,59 Per,21928, 04h 42m 54.30s,+43° 21′ 55.0″,5.3,2.49
Perseus ,V575 Per,15770, 03h 23m 13.18s,+49° 12′ 48.0″,5.32,0.7
Perseus ,20 Per,13490, 02h 53m 42.58s,+38° 20′ 15.6″,5.34,−1.09
Perseus ,,18396, 03h 55m 58.16s,+47° 52′ 17.3″,5.39,1.05
Perseus ,14 Per,12768, 02h 44m 05.16s,+44° 17′ 49.4″,5.43,−1.68
Perseus ,,20156, 04h 19m 13.18s,+50° 02′ 55.8″,5.46,−1.20
Perseus ,,13965, 02h 59m 49.78s,+47° 13′ 14.3″,5.47,0.96
Perseus ,V396 Per,16470, 03h 32m 08.58s,+48° 01′ 24.7″,5.47,−0.69
Perseus ,30 Per,15338, 03h 17m 47.33s,+44° 01′ 30.3″,5.49,−0.80
Perseus ,,18434, 03h 56m 28.69s,+35° 04′ 51.3″,5.49,−0.99
Perseus ,50 Per,19335, 04h 08m 36.49s,+38° 02′ 24.8″,5.52,−1.88
Perseus ,1 Per,8704, 01h 51m 59.31s,+55° 08′ 50.7″,5.53,3.87
Perseus ,,17203, 03h 41m 07.84s,+37° 34′ 49.0″,5.55,−1.96
Perseus ,HD 27192,20234, 04h 20m 11.51s,+50° 55′ 15.4″,5.55,−1.42
Perseus ,,16210, 03h 28m 52.31s,+49° 50′ 54.4″,5.58,−2.26
Perseus ,,17460, 03h 44m 31.40s,+36° 27′ 36.7″,5.6,−0.57
Perseus ,,17932, 03h 50m 04.45s,+44° 58′ 04.5″,5.65,0.56
Perseus ,V472 Per,9990, 02h 08m 40.58s,+58° 25′ 25.0″,5.66,0.52
Perseus ,,17584, 03h 45m 59.25s,+45° 40′ 55.0″,5.66,−3.08
Perseus ,,21823, 04h 41m 24.09s,+48° 18′ 03.6″,5.66,−1.86
Perseus ,2 Per,8714, 01h 52m 09.35s,+50° 47′ 34.3″,5.7,0.76
Perseus ,3 Per,9222, 01h 58m 33.50s,+49° 12′ 15.3″,5.7,−0.19
Perseus ,,16168, 03h 28m 20.68s,+33° 48′ 27.7″,5.72,1.31
Perseus ,55 Per,20579, 04h 24m 29.14s,+34° 07′ 51.0″,5.73,0.61
Perseus ,8 Per,10718, 02h 17m 59.82s,+57° 53′ 59.3″,5.75,−0.63
Perseus ,,19525, 04h 10m 59.02s,+33° 35′ 12.5″,5.75,0.43
Perseus ,11 Per,12692, 02h 43m 02.80s,+55° 06′ 21.9″,5.76,−0.38
Perseus ,,18212, 03h 53m 38.67s,+48° 39′ 02.0″,5.76,0.21
Perseus ,56 Per,20591, 04h 24m 37.42s,+33° 57′ 35.6″,5.77,0.16
Perseus ,,15876, 03h 24m 29.68s,+33° 32′ 09.7″,5.78,2.67
Perseus ,,18081, 03h 51m 53.72s,+34° 21′ 32.9″,5.78,−0.26
Perseus ,,15192, 03h 15m 47.97s,+57° 08′ 26.3″,5.79,−1.73
Perseus ,IW Per,16591, 03h 33m 35.02s,+39° 53′ 58.5″,5.79,−2.68
Perseus ,,16340, 03h 30m 36.93s,+48° 06′ 13.2″,5.82,2.1
Perseus ,,12686, 02h 42m 59.47s,+53° 31′ 34.3″,5.85,−1.31
Perseus ,,13339, 02h 51m 41.75s,+46° 50′ 31.2″,5.86,0.34
Perseus ,,21972, 04h 43m 21.60s,+49° 58′ 25.8″,5.86,0.43
Perseus ,,13949, 02h 59m 39.87s,+41° 01′ 59.0″,5.89,−0.61
Perseus ,,16518, 03h 32m 40.02s,+35° 27′ 42.2″,5.91,−1.00
Perseus ,,15004, 03h 13m 23.86s,+48° 10′ 37.2″,5.93,−2.60
Perseus ,,15669, 03h 21m 52.37s,+49° 04′ 15.8″,5.94,1.03
Perseus ,V376 Per,17846, 03h 49m 08.12s,+43° 57′ 46.9″,5.95,2.64
Perseus ,,20241, 04h 20m 14.42s,+41° 48′ 29.4″,5.95,1.75
Perseus ,,8598, 01h 50m 57.09s,+51° 56′ 01.3″,5.96,0.82
Perseus ,,15334, 03h 17m 45.74s,+39° 17′ 00.3″,5.97,2.71
Perseus ,,21847, 04h 41m 50.08s,+38° 16′ 49.5″,5.97,−0.38
Perseus ,V573 Per,15241, 03h 16m 35.19s,+32° 11′ 03.2″,5.98,3.5
Perseus ,7 Per,10729, 02h 18m 04.60s,+57° 30′ 58.8″,5.99,−0.16
Perseus ,,22220, 04h 46m 44.47s,+40° 18′ 45.6″,5.99,−0.70
Perseus ,,8475, 01h 49m 15.56s,+47° 53′ 49.0″,6.01,0.32
Perseus ,,13713, 02h 56m 33.30s,+47° 09′ 50.4″,6.05,0.97
Perseus ,,13832, 02h 58m 02.33s,+38° 36′ 53.9″,6.06,−2.84
Perseus ,,14365, 03h 05m 21.03s,+40° 34′ 55.9″,6.06,−1.70
Perseus ,,17437, 03h 44m 06.43s,+48° 31′ 25.3″,6.06,0.57
Perseus ,,15118, 03h 14m 56.55s,+42° 30′ 13.0″,6.07,−0.96
Perseus ,49 Per,19302, 04h 08m 15.46s,+37° 43′ 40.7″,6.07,1.88
Perseus ,V576 Per,15988, 03h 25m 57.36s,+49° 07′ 15.0″,6.09,2.85
Perseus ,57 Per,21242, 04h 33m 24.90s,+43° 03′ 50.0″,6.09,−0.19
Perseus ,,22034, 04h 44m 13.01s,+40° 47′ 11.4″,6.09,2.04
Perseus ,,14392, 03h 05m 40.15s,+56° 04′ 08.5″,6.1,−0.01
Perseus ,,17475, 03h 44m 40.91s,+46° 05′ 59.5″,6.1,1.71
Perseus ,,13997, 03h 00m 11.88s,+38° 07′ 54.5″,6.11,−0.12
Perseus ,,14887, 03h 12m 09.54s,+42° 22′ 33.4″,6.15,−1.56
Perseus ,,15209, 03h 16m 04.43s,+45° 20′ 46.4″,6.15,−0.37
Perseus ,,20231, 04h 20m 09.95s,+31° 57′ 11.5″,6.16,−1.10
Perseus ,,17772, 03h 48m 18.08s,+50° 44′ 12.4″,6.18,−0.84
Perseus ,,21038, 04h 30m 38.40s,+32° 27′ 28.1″,6.18,−0.12
Perseus ,,16252, 03h 29m 26.26s,+46° 56′ 16.6″,6.21,1.31
Perseus ,,13732, 02h 56m 50.66s,+51° 15′ 40.9″,6.22,−0.03
Perseus ,,18094, 03h 52m 04.45s,+31° 10′ 07.2″,6.22,−0.36
Perseus ,V545 Per,20063, 04h 18m 08.09s,+42° 08′ 28.5″,6.22,0.72
Perseus ,,13462, 02h 53m 21.07s,+48° 34′ 11.9″,6.23,0.84
Perseus ,10 Per,11279, 02h 25m 16.03s,+56° 36′ 35.4″,6.25,−4.77
Perseus ,V480 Per,13178, 02h 49m 30.74s,+57° 05′ 03.6″,6.25,−3.93
Perseus ,,15204, 03h 16m 01.83s,+34° 41′ 19.0″,6.25,
Perseus ,,20498, 04h 23m 35.80s,+42° 25′ 40.8″,6.25,2.12
Perseus ,,21108, 04h 31m 24.10s,+40° 00′ 36.8″,6.25,0.1
Perseus ,,17732, 03h 47m 49.04s,+32° 11′ 43.8″,6.26,−2.34
Perseus ,,12982, 02h 46m 58.28s,+35° 59′ 00.7″,6.27,2.53
Perseus ,,8771, 01h 52m 50.74s,+51° 28′ 29.5″,6.28,0.77
Perseus ,,12990, 02h 47m 03.60s,+35° 33′ 17.3″,6.28,0.37
Perseus ,V440 Per,11174, 02h 23m 51.75s,+55° 21′ 53.5″,6.29,2.92
Perseus ,,16424, 03h 31m 29.35s,+49° 12′ 35.2″,6.29,−2.66
Perseus ,,12690, 02h 43m 01.85s,+48° 15′ 54.9″,6.3,0.51
Perseus ,,15191, 03h 15m 47.15s,+32° 51′ 24.0″,6.3,−1.84
Perseus ,,10115, 02h 10m 07.73s,+53° 50′ 35.5″,6.31,2.34
Perseus ,,19810, 04h 14m 52.07s,+37° 32′ 33.6″,6.31,0.02
Perseus ,,14914, 03h 12m 26.36s,+47° 43′ 33.9″,6.32,0.76
Perseus ,,18565, 03h 58m 29.13s,+38° 50′ 25.3″,6.32,0.38
Perseus ,,14566, 03h 08m 03.83s,+52° 12′ 48.8″,6.33,0.79
Perseus ,,7786, 01h 40m 13.12s,+53° 52′ 05.8″,6.35,−0.31
Perseus ,,13424, 02h 52m 52.03s,+52° 59′ 50.6″,6.35,−0.03
Perseus ,,21144, 04h 31m 56.94s,+36° 44′ 34.3″,6.35,−1.10
Perseus ,5 Per,10227, 02h 11m 29.19s,+57° 38′ 44.0″,6.38,0.99
Perseus ,V521 Per,14544, 03h 07m 47.34s,+47° 18′ 31.3″,6.38,−3.08
Perseus ,,18769, 04h 01m 14.84s,+36° 59′ 22.1″,6.39,1.99
Perseus ,,11020, 02h 21m 55.44s,+57° 14′ 34.5″,6.4,1.1
Perseus ,,16447, 03h 31m 49.04s,+49° 24′ 03.9″,6.41,−3.37
Perseus ,,16938, 03h 38m 00.17s,+42° 34′ 58.4″,6.41,−2.68
Perseus ,KP Per,16516, 03h 32m 38.98s,+44° 51′ 20.8″,6.42,−0.62
Perseus ,,10379, 02h 13m 41.61s,+58° 33′ 38.1″,6.43,−1.98
Perseus ,,8847, 01h 53m 48.46s,+55° 35′ 51.6″,6.44,−3.30
Perseus ,,13257, 02h 50m 35.30s,+36° 56′ 55.1″,6.44,2.11
Perseus ,,15282, 03h 17m 11.45s,+40° 28′ 59.0″,6.44,2.52
Perseus ,,13036, 02h 47m 31.15s,+44° 16′ 20.0″,6.45,−0.23
Perseus ,,13176, 02h 49m 26.93s,+37° 19′ 35.1″,6.45,−2.36
Perseus ,,17558, 03h 45m 37.11s,+38° 40′ 34.4″,6.45,1.12
Perseus ,V572 Per,15193, 03h 15m 48.65s,+50° 57′ 21.5″,6.46,0.7
Perseus ,,19746, 04h 13m 59.73s,+37° 58′ 01.7″,6.47,0.95
Perseus ,,10633, 02h 16m 51.72s,+57° 03′ 18.9″,6.48,1.06
Perseus ,V509 Per,14264, 03h 03m 56.75s,+47° 50′ 54.6″,6.48,−2.84
Perseus ,,10361, 02h 13m 33.51s,+53° 03′ 30.9″,6.5,1.24
Perseus ,,16425, 03h 31m 30.28s,+40° 45′ 36.1″,6.5,−5.54
Perseus ,V520 Per,10805, 02h 19m 04.45s,+57° 08′ 07.8″,6.55,0.87
Perseus ,X Per,18350, 03h 55m 23.08s,+31° 02′ 45.1″,6.79,
Perseus ,HD 23596,17747, 03h 48m 00.37s,+40° 31′ 50.3″,7.24,−2.80
Perseus ,HD 17092,, 02h 46m 22.12s,+49° 39′ 11.1″,7.73,3.66
Perseus ,HD 16760,12638, 02h 42m 21s,+38° 37′ 07″,8.74,
Perseus ,HD 22781,17187, 03h 40m 59s,+31° 49′ 35″,8.78,
Perseus ,HAT-P-29,, 02h 12m 31s,+51° 46′ 44″,11.9,
Perseus ,HAT-P-15,, 04h 24m 59.53s,+39° 27′ 38.3″,12.16,
Taurus ,Aldebaran,21421, 04h 35m 55.20s,+16° 30′ 35.1″,0.87,5.77
Taurus ,β Tau,25428, 05h 26m 17.50s,+28° 36′ 28.3″,1.65,−0.63
Taurus ,Alcyone A,17702, 03h 47m 29.06s,+24° 06′ 18.9″,2.85,−1.37
Taurus ,ζ Tau,26451, 05h 37m 38.68s,+21° 08′ 33.3″,2.97,−2.41
Taurus ,θ2 Tau,20894, 04h 28m 39.67s,+15° 52′ 15.4″,3.4,−2.56
Taurus ,λ Tau,18724, 04h 00m 40.82s,+12° 29′ 25.4″,3.41,0.1
Taurus ,ε Tau,20889, 04h 28m 36.93s,+19° 10′ 49.9″,3.53,−1.87
Taurus ,ο Tau,15900, 03h 24m 48.84s,+09° 01′ 44.6″,3.61,0.15
Taurus ,Atlas A,17847, 03h 49m 09.73s,+24° 03′ 12.7″,3.62,−0.45
Taurus ,γ Tau,20205, 04h 19m 47.53s,+15° 37′ 39.7″,3.65,−1.72
Taurus ,Electra,17499, 03h 44m 52.52s,+24° 06′ 48.4″,3.72,0.28
Taurus ,ξ Tau,16083, 03h 27m 10.12s,+09° 43′ 58.0″,3.73,−1.56
Taurus ,δ1 Tau,20455, 04h 22m 56.03s,+17° 32′ 33.3″,3.77,−0.44
Taurus ,θ1 Tau,20885, 04h 28m 34.43s,+15° 57′ 44.0″,3.84,0.41
Taurus ,Maia,17573, 03h 45m 49.59s,+24° 22′ 04.3″,3.87,0.42
Taurus ,ν Tau,18907, 04h 03m 09.38s,+05° 59′ 21.5″,3.91,−1.34
Taurus ,5 Tau,16369, 03h 30m 52.37s,+12° 56′ 12.1″,4.14,0.92
Taurus ,Merope,17608, 03h 46m 19.56s,+23° 56′ 54.5″,4.14,−1.08
Taurus ,κ1 Tau,20635, 04h 25m 22.10s,+22° 17′ 38.3″,4.21,−1.07
Taurus ,88 Tau,21402, 04h 35m 39.23s,+10° 09′ 39.3″,4.25,0.85
Taurus ,μ Tau,19860, 04h 15m 32.05s,+08° 53′ 32.7″,4.27,0.93
Taurus ,90 Tau,21589, 04h 38m 09.40s,+12° 30′ 39.1″,4.27,−1.35
Taurus ,τ Tau,21881, 04h 42m 14.70s,+22° 57′ 25.1″,4.27,0.96
Taurus ,υ Tau,20711, 04h 26m 18.39s,+22° 48′ 49.3″,4.28,−1.18
Taurus ,10 Tau,16852, 03h 36m 52.52s,+00° 24′ 10.2″,4.29,0.9
Taurus ,Taygeta,17531, 03h 45m 12.48s,+24° 28′ 02.6″,4.3,3.6
Taurus ,68 Tau,20648, 04h 25m 29.32s,+17° 55′ 40.8″,4.3,−0.99
Taurus ,119 Tau,25945, 05h 32m 12.75s,+18° 35′ 39.3″,4.32,1.02
Taurus ,37 Tau,19038, 04h 04m 41.66s,+22° 04′ 55.4″,4.36,−4.53
Taurus ,71 Tau,20713, 04h 26m 20.67s,+15° 37′ 06.0″,4.48,0.64
Taurus ,136 Tau,27830, 05h 53m 19.64s,+27° 36′ 44.2″,4.56,1.08
Taurus ,ι Tau,23497, 05h 03m 05.70s,+21° 35′ 24.2″,4.62,−1.08
Taurus ,ρ Tau,21273, 04h 33m 50.86s,+14° 50′ 40.2″,4.65,1.13
Taurus ,σ2 Tau,21683, 04h 39m 16.45s,+15° 55′ 04.9″,4.67,1.3
Taurus ,π Tau,20732, 04h 26m 36.38s,+14° 42′ 49.9″,4.69,1.23
Taurus ,HD 28527,21029, 04h 30m 33.57s,+16° 11′ 38.7″,4.78,−1.03
Taurus ,64 Tau,20542, 04h 24m 05.69s,+17° 26′ 39.2″,4.8,1.54
Taurus ,139 Tau,28237, 05h 57m 59.66s,+25° 57′ 14.1″,4.81,1.55
Taurus ,47 Tau,19740, 04h 13m 56.39s,+09° 15′ 50.0″,4.84,−4.24
Taurus ,126 Tau,26777, 05h 41m 17.72s,+16° 32′ 03.1″,4.84,−0.44
Taurus ,114 Tau,25539, 05h 27m 38.08s,+21° 56′ 13.1″,4.88,−1.96
Taurus ,132 Tau,27468, 05h 49m 00.96s,+24° 34′ 03.2″,4.88,−1.76
Taurus ,134 Tau,27511, 05h 49m 32.94s,+12° 39′ 04.9″,4.89,−1.14
Taurus ,104 Tau,23835, 05h 07m 26.68s,+18° 38′ 42.0″,4.91,0.29
Taurus ,ω2 Tau,19990, 04h 17m 15.69s,+20° 34′ 43.5″,4.93,3.91
Taurus ,75 Tau,20877, 04h 28m 26.37s,+16° 21′ 34.7″,4.96,2.64
Taurus ,109 Tau,24822, 05h 19m 16.59s,+22° 05′ 48.1″,4.96,1.08
Taurus ,φ Tau,20250, 04h 20m 21.23s,+27° 21′ 03.4″,4.97,0.96
Taurus ,111 Tau,25278, 05h 24m 25.31s,+17° 23′ 00.8″,5,−0.13
Taurus ,79 Tau,20901, 04h 28m 50.10s,+13° 02′ 51.5″,5.02,4.17
Taurus ,Pleione,17851, 03h 49m 11.20s,+24° 08′ 12.6″,5.05,1.56
Taurus ,30 Tau,17771, 03h 48m 16.25s,+11° 08′ 36.1″,5.08,−0.32
Taurus ,σ1 Tau,21673, 04h 39m 09.20s,+15° 48′ 00.1″,5.08,−1.11
Taurus ,97 Tau,22565, 04h 51m 22.41s,+18° 50′ 23.8″,5.08,1.74
Taurus ,66 Tau,20522, 04h 23m 51.84s,+09° 27′ 39.5″,5.1,1.27
Taurus ,4 Tau,16322, 03h 30m 24.48s,+11° 20′ 11.3″,5.14,−0.32
Taurus ,41 Tau,19171, 04h 06m 36.40s,+27° 36′ 00.1″,5.18,−0.39
Taurus ,125 Tau,26640, 05h 39m 44.19s,+25° 53′ 49.7″,5.18,−0.72
Taurus ,ψ Tau,19205, 04h 07m 00.52s,+29° 00′ 04.6″,5.21,−0.73
Taurus ,43 G. Tau,19799, 04h 14m 36.24s,+10° 00′ 41.2″,5.22,3.01
Taurus ,,17954, 03h 50m 18.91s,+25° 34′ 46.7″,5.24,−0.59
Taurus ,58 Tau,20261, 04h 20m 36.24s,+15° 05′ 43.8″,5.26,1.39
Taurus ,κ2 Tau,20641, 04h 25m 24.94s,+22° 12′ 00.4″,5.27,1.89
Taurus ,l Tau,23871, 05h 07m 48.43s,+20° 25′ 06.4″,5.28,2.05
Taurus ,133 Tau,27364, 05h 47m 42.90s,+13° 53′ 58.7″,5.28,1.65
Taurus ,46 Tau,19719, 04h 13m 33.11s,+07° 42′ 57.7″,5.29,−1.67
Taurus ,40 Tau,18957, 04h 03m 44.60s,+05° 26′ 08.3″,5.32,2.45
Taurus ,49 Eri,21515, 04h 37m 13.68s,+00° 59′ 54.0″,5.32,−2.21
Taurus ,29 Tau,17563, 03h 45m 40.43s,+06° 03′ 00.1″,5.34,−1.75
Taurus ,56 Tau,20186, 04h 19m 36.69s,+21° 46′ 24.9″,5.34,−0.94
Taurus ,34 G. Tau,18993, 04h 04m 09.79s,+02° 49′ 38.1″,5.36,0.41
Taurus ,121 Tau,26248, 05h 35m 27.12s,+24° 02′ 22.7″,5.37,2.66
Taurus ,χ Tau,20430, 04h 22m 34.93s,+25° 37′ 45.7″,5.38,−0.95
Taurus ,63 G. Tau,21670, 04h 39m 06.10s,+07° 52′ 15.6″,5.38,0.81
Taurus ,44 Tau,19513, 04h 10m 49.88s,+26° 28′ 51.7″,5.39,1.82
Taurus ,83 Tau,21036, 04h 30m 37.30s,+13° 43′ 28.0″,5.4,1.51
Taurus ,115 Tau,25499, 05h 27m 10.09s,+17° 57′ 44.2″,5.4,2.1
Taurus ,,17776, 03h 48m 20.80s,+23° 25′ 16.9″,5.44,−1.16
Taurus ,Celaeno,17489, 03h 44m 48.20s,+24° 17′ 22.5″,5.45,0.36
Taurus ,33 G. Tau,18975, 04h 03m 56.51s,+08° 11′ 49.9″,5.45,0.4
Taurus ,93 Tau,21735, 04h 40m 03.42s,+12° 11′ 51.5″,5.45,2.67
Taurus ,36 Tau,19009, 04h 04m 21.67s,+24° 06′ 21.7″,5.46,0.33
Taurus ,81 Tau,21039, 04h 30m 38.83s,+15° 41′ 31.0″,5.47,−1.87
Taurus ,118 Tau,25695, 05h 29m 16.49s,+25° 09′ 01.1″,5.47,2.24
Taurus ,130 Tau,27338, 05h 47m 26.20s,+17° 43′ 44.9″,5.47,−0.15
Taurus ,53 Tau,20171, 04h 19m 26.08s,+21° 08′ 32.7″,5.5,−2.48
Taurus ,103 Tau,23900, 05h 08m 06.62s,+24° 15′ 54.7″,5.5,0.93
Taurus ,,25950, 05h 32m 14.14s,+17° 03′ 29.4″,5.5,−4.48
Taurus ,ω1 Tau,19388, 04h 09m 09.90s,+19° 36′ 33.5″,5.51,−2.17
Taurus ,,23043, 04h 57m 22.35s,+17° 09′ 13.3″,5.51,0.76
Taurus ,116 Tau,25555, 05h 27m 45.61s,+15° 52′ 26.8″,5.52,−0.29
Taurus ,72 Tau,20789, 04h 27m 17.45s,+22° 59′ 46.9″,5.53,−0.67
Taurus ,44 Eri,20884, 04h 28m 32.11s,+01° 22′ 51.1″,5.53,0.01
Taurus ,122 Tau,26382, 05h 37m 03.71s,+17° 02′ 25.5″,5.53,0.17
Taurus ,135 Tau,27581, 05h 50m 28.90s,+14° 18′ 20.5″,5.54,1.87
Taurus ,12 Tau,17103, 03h 39m 51.14s,+03° 03′ 24.6″,5.55,0.63
Taurus ,57 Tau,20219, 04h 19m 57.63s,+14° 02′ 06.9″,5.58,0.1
Taurus ,80 Tau,20995, 04h 30m 08.53s,+15° 38′ 16.4″,5.58,2.32
Taurus ,,27629, 05h 50m 58.11s,+27° 58′ 04.2″,5.6,2.38
Taurus ,137 Tau,27743, 05h 52m 22.30s,+14° 10′ 18.5″,5.6,0.29
Taurus ,32 Tau,18471, 03h 56m 52.03s,+22° 28′ 41.7″,5.62,−0.39
Taurus ,51 Tau,20087, 04h 18m 23.14s,+21° 34′ 45.8″,5.64,2.36
Taurus ,63 Tau,20484, 04h 23m 25.00s,+16° 46′ 38.4″,5.64,1.95
Taurus ,18 Tau,17527, 03h 45m 09.73s,+24° 50′ 21.7″,5.66,2.27
Taurus ,31 Tau,18089, 03h 52m 00.22s,+06° 32′ 05.7″,5.66,0.4
Taurus ,26 G. Tau,18805, 04h 01m 46.13s,+09° 59′ 52.9″,5.67,−1.01
Taurus ,60 G. Tau,21295, 04h 34m 08.28s,+05° 34′ 07.1″,5.67,−0.52
Taurus ,120 Tau,26064, 05h 33m 31.63s,+18° 32′ 24.8″,5.67,0.18
Taurus ,13 Tau,17309, 03h 42m 18.94s,+19° 42′ 01.0″,5.68,−3.13
Taurus ,45 Tau,19554, 04h 11m 20.20s,+05° 31′ 22.9″,5.71,0.19
Taurus ,60 Tau,20400, 04h 22m 03.45s,+14° 04′ 38.1″,5.72,2.78
Taurus ,,20842, 04h 28m 00.72s,+21° 37′ 12.0″,5.72,2.42
Taurus ,131 Tau,27316, 05h 47m 13.15s,+14° 29′ 18.3″,5.72,2.32
Taurus ,,21819, 04h 41m 19.74s,+28° 36′ 54.2″,5.73,0.16
Taurus ,6 Tau,16511, 03h 32m 35.93s,+09° 22′ 24.8″,5.76,0.67
Taurus ,Sterope I,17579, 03h 45m 54.46s,+24° 33′ 16.6″,5.76,0.57
Taurus ,49 G. Tau,20268, 04h 20m 41.25s,+06° 07′ 51.3″,5.76,0.39
Taurus ,117 Tau,25583, 05h 28m 01.60s,+17° 14′ 21.3″,5.77,0.17
Taurus ,89 Tau,21588, 04h 38m 09.38s,+16° 02′ 00.2″,5.78,−0.90
Taurus ,99 Tau,23068, 04h 57m 48.65s,+23° 56′ 54.9″,5.79,2.49
Taurus ,98 Tau,23088, 04h 58m 09.38s,+25° 03′ 01.9″,5.79,−0.01
Taurus ,V711 Tau,16846, 03h 36m 47.31s,+00° 35′ 17.4″,5.82,1
Taurus ,,26396, 05h 37m 08.84s,+26° 55′ 28.3″,5.83,3.51
Taurus ,105 Tau,23883, 05h 07m 55.43s,+21° 42′ 17.4″,5.84,0
Taurus ,HU Tau,21604, 04h 38m 15.84s,+20° 41′ 05.1″,5.85,−1.66
Taurus ,,20804, 04h 27m 28.77s,+11° 12′ 44.4″,5.87,0.63
Taurus ,,21323, 04h 34m 37.99s,+28° 57′ 40.3″,5.88,0
Taurus ,,18735, 04h 00m 48.69s,+18° 11′ 38.6″,5.89,0.11
Taurus ,,19284, 04h 07m 59.41s,+17° 20′ 23.7″,5.89,2.6
Taurus ,39 Tau,19076, 04h 05m 20.15s,+22° 00′ 33.2″,5.9,0.77
Taurus ,76 Tau,20873, 04h 28m 23.34s,+14° 44′ 27.7″,5.9,4.78
Taurus ,18 G. Tau,17595, 03h 46m 09.36s,+06° 48′ 13.2″,5.91,2.23
Taurus ,,20417, 04h 22m 22.73s,+20° 49′ 17.1″,5.91,0.84
Taurus ,6 G. Tau,16358, 03h 30m 45.40s,+06° 11′ 19.5″,5.93,−2.74
Taurus ,V1156 Tau,24019, 05h 09m 45.06s,+28° 01′ 50.2″,5.93,−0.07
Taurus ,,19376, 04h 09m 01.56s,+13° 23′ 53.9″,5.94,2.24
Taurus ,7 Tau,16664, 03h 34m 26.62s,+24° 27′ 52.1″,5.95,0.26
Taurus ,,18170, 03h 53m 09.96s,+17° 19′ 37.8″,5.97,−0.06
Taurus ,,20614, 04h 24m 57.06s,+19° 02′ 31.5″,5.97,2.88
Taurus ,,22697, 04h 52m 47.09s,+27° 53′ 51.3″,5.97,2.52
Taurus ,,22176, 04h 46m 16.78s,+18° 44′ 05.5″,5.99,0.81
Taurus ,V1141 Tau,20493, 04h 23m 32.36s,+20° 58′ 55.7″,6,1.16
Taurus ,129 Tau,27265, 05h 46m 45.49s,+15° 49′ 21.0″,6,0.15
Taurus ,85 Tau,21137, 04h 31m 51.69s,+15° 51′ 05.9″,6.01,−1.15
Taurus ,59 G. Tau,21269, 04h 33m 48.18s,+09° 24′ 49.0″,6.01,2.75
Taurus ,V1116 Tau,21459, 04h 36m 29.07s,+23° 20′ 27.5″,6.01,0.21
Taurus ,,19261, 04h 07m 41.91s,+15° 09′ 46.2″,6.02,2.78
Taurus ,,15850, 03h 24m 10.11s,+12° 37′ 46.7″,6.03,2.66
Taurus ,,27421, 05h 48m 22.36s,+20° 52′ 10.3″,6.03,0.27
Taurus ,,28154, 05h 56m 56.12s,+24° 14′ 58.9″,6.03,−0.28
Taurus ,,17921, 03h 49m 55.06s,+22° 14′ 39.3″,6.05,
Taurus ,33 Tau,18485, 03h 57m 03.80s,+23° 10′ 32.1″,6.05,1.08
Taurus ,V1143 Tau,20715, 04h 26m 21.10s,+08° 35′ 25.0″,6.06,−0.01
Taurus ,,17453, 03h 44m 28.19s,+20° 55′ 43.6″,6.09,−0.25
Taurus ,24 G. Tau,18481, 03h 57m 01.70s,+06° 02′ 24.5″,6.09,1.72
Taurus ,,19641, 04h 12m 31.32s,+17° 16′ 39.0″,6.09,1.7
Taurus ,96 Tau,22441, 04h 49m 44.08s,+15° 54′ 15.3″,6.09,1.38
Taurus ,110 Tau,25216, 05h 23m 37.72s,+16° 41′ 57.7″,6.09,−2.09
Taurus ,11 Tau,17181, 03h 40m 46.30s,+25° 19′ 46.3″,6.11,0.41
Taurus ,,20255, 04h 20m 25.04s,+18° 44′ 33.8″,6.11,0.09
Taurus ,14 G. Tau,17120, 03h 39m 59.55s,−01° 07′ 16.4″,6.12,2.73
Taurus ,,24820, 05h 19m 14.71s,+20° 08′ 04.8″,6.12,0.56
Taurus ,14 Tau,17408, 03h 43m 47.14s,+19° 39′ 54.6″,6.13,0.51
Taurus ,,16641, 03h 34m 08.32s,+17° 50′ 00.9″,6.14,0.99
Taurus ,V1137 Tau,19672, 04h 12m 51.25s,+22° 24′ 48.5″,6.14,3
Taurus ,53 G. Tau,20848, 04h 28m 03.62s,+01° 51′ 30.9″,6.14,−1.36
Taurus ,,20284, 04h 20m 52.66s,+13° 51′ 52.1″,6.15,0.99
Taurus ,,17900, 03h 49m 43.52s,+23° 42′ 43.1″,6.17,2.84
Taurus ,,17058, 03h 39m 25.73s,+16° 32′ 12.4″,6.18,0.84
Taurus ,95 Tau,21961, 04h 43m 13.75s,+24° 05′ 20.3″,6.18,0.72
Taurus ,,18508, 03h 57m 26.39s,+24° 27′ 43.0″,6.19,2.69
Taurus ,,26072, 05h 33m 38.84s,+20° 28′ 27.2″,6.19,−1.40
Taurus ,,23589, 05h 04m 21.58s,+21° 16′ 40.8″,6.2,−0.76
Taurus ,,24977, 05h 20m 56.62s,+19° 48′ 51.7″,6.2,−0.18
Taurus ,,21689, 04h 39m 23.14s,+25° 13′ 05.9″,6.21,−0.21
Taurus ,52 G. Tau,20771, 04h 27m 00.66s,+02° 04′ 46.4″,6.23,0.97
Taurus ,113 Tau,25410, 05h 26m 05.72s,+16° 42′ 00.6″,6.23,0.81
Taurus ,V731 Tau,26964, 05h 43m 19.50s,+23° 12′ 15.9″,6.23,−0.28
Taurus ,40 G. Tau,19720, 04h 13m 34.55s,+10° 12′ 45.1″,6.24,−1.41
Taurus ,,21251, 04h 33m 33.04s,+18° 01′ 00.3″,6.24,0.3
Taurus ,,19736, 04h 13m 49.83s,+12° 45′ 13.5″,6.25,0.68
Taurus ,108 Tau,24512, 05h 15m 27.66s,+22° 17′ 05.5″,6.26,1.04
Taurus ,,26291, 05h 35m 55.52s,+27° 39′ 44.7″,6.27,−0.26
Taurus ,24 Tau,, 03h 47m 20.90s,+24° 06′ 58.0″,6.28,−0.68
Taurus ,84 Tau,21082, 04h 31m 07.16s,+15° 06′ 18.6″,6.28,
Taurus ,,16095, 03h 27m 18.67s,+12° 44′ 07.1″,6.29,0.55
Taurus ,,25806, 05h 30m 43.32s,+22° 27′ 44.3″,6.29,1.2
Taurus ,V766 Tau,18033, 03h 51m 15.86s,+13° 02′ 46.1″,6.3,0.87
Taurus ,,18717, 04h 00m 36.89s,+17° 17′ 48.2″,6.31,0.63
Taurus ,48 Tau,19877, 04h 15m 46.21s,+15° 24′ 02.7″,6.31,−0.95
Taurus ,47 G. Tau,20188, 04h 19m 37.43s,+10° 07′ 17.5″,6.31,3.07
Taurus ,V774 Tau,19859, 04h 15m 28.86s,+06° 11′ 13.6″,6.32,0.05
Taurus ,,21408, 04h 35m 42.57s,+19° 52′ 54.6″,6.33,4.69
Taurus ,,22949, 04h 56m 15.59s,+24° 35′ 32.1″,6.33,0.56
Taurus ,62 Tau,20533, 04h 23m 59.76s,+24° 18′ 03.7″,6.34,3.15
Taurus ,,22128, 04h 45m 42.46s,+23° 37′ 40.9″,6.34,−0.40
Taurus ,,18201, 03h 53m 34.46s,+25° 40′ 58.7″,6.35,−0.33
Taurus ,25 G. Tau,18658, 03h 59m 40.41s,+10° 19′ 49.5″,6.35,0.52
Taurus ,,24984, 05h 20m 59.34s,+27° 57′ 26.3″,6.35,3.38
Taurus ,,26853, 05h 42m 03.99s,+22° 39′ 37.4″,6.35,−0.29
Taurus ,,22850, 04h 54m 58.32s,+19° 29′ 07.6″,6.36,1.14
Taurus ,1 G. Tau,15807, 03h 23m 38.99s,+04° 52′ 55.6″,6.37,2.19
Taurus ,,20698, 04h 26m 01.34s,+04° 22′ 24.6″,6.37,−1.30
Taurus ,58 G. Tau,21152, 04h 32m 04.74s,+05° 24′ 36.1″,6.37,−0.06
Taurus ,,20904, 04h 28m 51.98s,+30° 21′ 41.5″,6.38,3.19
Taurus ,,16924, 03h 37m 47.82s,+15° 25′ 50.2″,6.4,2.71
Taurus ,5 G. Tau,16226, 03h 29m 03.80s,+03° 14′ 55.3″,6.41,2.05
Taurus ,,20558, 04h 24m 14.47s,+12° 09′ 28.9″,6.42,0.68
Taurus ,,26616, 05h 39m 27.11s,+21° 45′ 46.8″,6.42,−0.28
Taurus ,Sterope II,17588, 03h 46m 02.89s,+24° 31′ 40.8″,6.43,−0.11
Taurus ,,17759, 03h 48m 06.56s,+24° 59′ 18.5″,6.44,1.25
Taurus ,70 Tau,20661, 04h 25m 37.25s,+15° 56′ 27.9″,6.44,−0.33
Taurus ,,26571, 05h 38m 57.36s,+26° 37′ 05.1″,6.45,3.1
Taurus ,2 G. Tau,15800, 03h 23m 36.31s,+00° 54′ 37.1″,6.47,0.87
Taurus ,26 Tau,17832, 03h 48m 56.91s,+23° 51′ 26.2″,6.47,1.2
Taurus ,55 G. Tau,20985, 04h 30m 02.30s,+10° 15′ 44.7″,6.47,2.11
Taurus ,,27116, 05h 45m 01.30s,+12° 53′ 18.1″,6.47,1.22
Taurus ,,23695, 05h 05m 32.11s,+19° 48′ 24.3″,6.48,1.33
Taurus ,,27353, 05h 47m 34.66s,+25° 34′ 07.1″,6.48,0.71
Taurus ,9 G. Tau,16695, 03h 34m 49.10s,+06° 25′ 03.8″,6.49,−0.95
Taurus ,37 G. Tau,19434, 04h 09m 43.04s,+03° 19′ 22.2″,6.49,0.84
Taurus ,SZ Tau,21517, 04h 37m 14.78s,+18° 32′ 35.0″,6.49,2.51
Taurus ,,17026, 03h 39m 00.06s,+20° 54′ 57.1″,6.5,−1.04
Taurus ,,21053, 04h 30m 46.74s,+16° 08′ 55.5″,6.5,0.6
Taurus ,9 Tau,16859, 03h 36m 58.03s,+23° 12′ 40.0″,6.72,3.43
Taurus ,101 Tau,23214, 04h 59m 44.27s,+15° 55′ 00.5″,6.75,1.08
Taurus ,HD 24496,18267, 03h 54m 28.03s,+16° 36′ 57.8″,6.81,3.57
Taurus ,55 Tau,20215, 04h 19m 54.78s,+16° 31′ 21.6″,6.85,3.36
Taurus ,HD 24040,17960, 03h 50m 22.97s,+17° 28′ 34.9″,7.52,3.68
Taurus ,HD 32963,26381, 05h 07m 56.0s,+26° 19′ 41″,7.6,4.18
Taurus ,HD 37124,23884, 05h 37m 02.49s,+20° 43′ 50.8″,7.68,
Taurus ,Alcyone B,, 03h 47m 19.20s,+24° 08′ 22.0″,8.3,5.07
Taurus ,HD 28678,21109, 04h 31m 25 s,+04° 34′ 31″,8.54,
Taurus ,RV Tauri,, 04h 47m 06.73s,+26° 10′ 45.6″,9.41,
Taurus ,HD 283668,20834, 04h 27m 53.0s,+24° 26′ 41″,9.44,
Taurus ,T Tauri,20390, 04h 21m 59.43s,+19° 32′ 06.4″,9.6,
Taurus ,HD 284149,19176, 04h 06m 39.0s,+20° 18′ 11″,9.63,3.36
Taurus ,HD 286123,, 04h 55m 04.0s,+18° 39′ 16″,9.8,
Taurus ,Gliese 176,21932, 04h 42m 55.78s,+18° 57′ 29.4″,9.97,
Taurus ,HD 285507,19207, 04h 07m 01.0s,+15° 20′ 06″,10.5,10.1
Taurus ,HD 283869,22271, 04h 47m 42.0s,+26° 09′ 00″,10.6,
Taurus ,V830 Tau,, 04h 33m 10.0s,+24° 33′ 43″,12.1,
Taurus ,WASP-152,, 04h 10m 41.0s,+24° 24′ 07″,12.56,
Taurus ,CL Tau,, 04h 38m 45.0s,+08° 05′ 46″,13,
Taurus ,CI Tau,, 04h 33m 52.0s,+22° 50′ 30″,13,
Taurus ,FW Tau,, 04h 29m 30.0s,+26° 16′ 53″,15.5,
Taurus ,Crab Pulsar,, 05h 34m 31.95s,+22° 00′ 52.1″,16.5,
Taurus ,2M J044144,, 04h 41m 44.90s,+23° 01′ 51.4″,,
Triangulum,β Tri,10064, 02h 09m 32.52s,+34° 59′ 14.6″,3,
Triangulum,α Tri,8796, 01h 53m 04.90s,+29° 34′ 45.8″,3.42,0.09
Triangulum,γ Tri,10670, 02h 17m 18.84s,+33° 50′ 50.4″,4.03,1.95
Triangulum,δ Tri,10644, 02h 17m 02.42s,+34° 13′ 29.4″,4.84,1.24
Triangulum,ι Tri,10280, 02h 12m 22.32s,+30° 18′ 11.6″,4.94,4.66
Triangulum,14 Tri,11784, 02h 32m 06.14s,+36° 08′ 50.0″,5.15,0.08
Triangulum,7 Tri,10559, 02h 15m 56.30s,+33° 21′ 32.3″,5.25,−0.25
Triangulum,10 Tri,10793, 02h 18m 56.99s,+28° 38′ 33.6″,5.29,0.48
Triangulum,12 Tri,11486, 02h 28m 09.99s,+29° 40′ 10.3″,5.29,0.13
Triangulum,15 Tri,12086, 02h 35m 46.80s,+34° 41′ 15.7″,5.38,1.9
Triangulum,R Tri,12193, 02h 37m 02.50s,+34° 15′ 50.0″,5.4,
Triangulum,ε Tri,9570, 02h 02m 57.97s,+33° 17′ 02.9″,5.5,
Triangulum,11 Tri,11432, 02h 27m 27.79s,+31° 48′ 04.9″,5.55,0.22
Triangulum,HD 10390,7943, 01h 42m 03.45s,+35° 14′ 44.8″,5.63,0.83
Triangulum,HD 11007,8433, 01h 48m 41.68s,+32° 41′ 22.2″,5.78,1.13
Triangulum,HD 11928,9132, 01h 57m 43.74s,+27° 48′ 16.3″,5.84,3.6
Triangulum,HD 15755,11840, 02h 32m 52.66s,+34° 32′ 32.8″,5.84,0.02
Triangulum,13 Tri,11548, 02h 28m 48.54s,+29° 55′ 53.7″,5.89,1.33
Triangulum,HD 10348,7906, 01h 41m 39.24s,+30° 02′ 49.7″,5.97,3.45
Triangulum,HD 16187,12160, 02h 36m 43.05s,+31° 36′ 27.6″,6.07,−0.06
Triangulum,HD 16220,12200, 02h 37m 06.51s,+32° 53′ 27.7″,6.23,0.36
Triangulum,5 Tri,10220, 02h 11m 25.00s,+31° 31′ 35.1″,6.24,2.52
Triangulum,HD 15464,11651, 02h 30m 16.56s,+33° 50′ 01.8″,6.26,0.39
Triangulum,HD 10588,8086, 01h 43m 50.15s,+32° 11′ 31.2″,6.32,0.98
Triangulum,HD 13747,10446, 02h 14m 37.88s,+28° 41′ 29.1″,6.35,0.57
Triangulum,HD 9298,7147, 01h 32m 07.58s,+34° 47′ 59.9″,6.39,2.48
Triangulum,HD 13189,10085, 02h 09m 40.17s,+32° 18′ 59.2″,7.57,−0.90
Triangulum,HD 9446,7245, 01h 33m 20.18s,+29° 15′ 54.5″,8.35,1.23
Triangulum,HD 12545,9630, 02h 03m 47.11s,+35° 35′ 28.7″,8.42,4.74
Triangulum,X Tri,9383, 02h 00m 33.72s,+27° 53′ 19.3″,8.86,
Triangulum,V Tri,, 01h 31m 47.10s,+30° 22′ 01.6″,10.96,2.76
Triangulum,RV Tri,, 02h 13m 18.16s,+31° 01′ 01.6″,11.21,
Triangulum,WASP-56,, 01h 44m 19.59s,+31° 41′ 22.5″,11.46,
Triangulum,RW Tri,, 02h 25m 36.15s,+28° 05′ 50.9″,12.5,
Triangulum,AI Tri,, 02h 03m 48.61s,+29° 59′ 25.8″,15.3,
Triangulum,Var 83,, 01h 34m 10.91s,+30° 34′ 37.4″,15.4,
Triangulum,Var B,, 01h 33m 49.20s,+30° 38′ 09.1″,16.21,
Triangulum,Var C,, 01h 33m 35.14s,+30° 36′ 00.4″,16.43,
Triangulum,Var 19,, 01h 33m 57.1s,+30° 45′ 12″,18.2,
Triangulum,M33 X-7,, 01h 33m 34.13s,+30° 32′ 11.3″,18.7,
Triangulum,Var A,, 01h 32m 32.52s,+30° 30′ 22.4″,,
Triangulum,Var 2,, 01h 34m 18.4s,+30° 38′ 27″,,
